/*
SQLyog Ultimate v12.08 (64 bit)
MySQL - 5.7.23-log : Database - smart_web_v2.0.0_dev
*********************************************************************
*/

/*!40101 SET NAMES utf8 */;

/*!40101 SET SQL_MODE=''*/;

/*!40014 SET @OLD_UNIQUE_CHECKS=@@UNIQUE_CHECKS, UNIQUE_CHECKS=0 */;
/*!40014 SET @OLD_FOREIGN_KEY_CHECKS=@@FOREIGN_KEY_CHECKS, FOREIGN_KEY_CHECKS=0 */;
/*!40101 SET @OLD_SQL_MODE=@@SQL_MODE, SQL_MODE='NO_AUTO_VALUE_ON_ZERO' */;
/*!40111 SET @OLD_SQL_NOTES=@@SQL_NOTES, SQL_NOTES=0 */;
CREATE DATABASE /*!32312 IF NOT EXISTS*/`smart_web_v2.0.0_dev` /*!40100 DEFAULT CHARACTER SET utf8 */;

USE `smart_web_v2.0.0_dev`;

/*Table structure for table `t_n_dict` */

DROP TABLE IF EXISTS `t_n_dict`;

CREATE TABLE `t_n_dict` (
  `id` varchar(32) NOT NULL,
  `busi_level` int(5) DEFAULT NULL,
  `busi_name` varchar(255) NOT NULL,
  `busi_value` varchar(255) NOT NULL,
  `parent_id` varchar(32) NOT NULL,
  `sort_order` int(5) DEFAULT NULL,
  `state` int(2) DEFAULT NULL,
  PRIMARY KEY (`id`)
) ENGINE=InnoDB DEFAULT CHARSET=utf8;

/*Data for the table `t_n_dict` */

insert  into `t_n_dict`(`id`,`busi_level`,`busi_name`,`busi_value`,`parent_id`,`sort_order`,`state`) values ('D-U143528452115354128',1,'表字段数据类型','TABLE_FIELD_DATA_FORMAT','0',11,1),('D-U143528456250084987',2,'字符串','varchar','D-U143528452115354128',1,1),('D-U143528460847918719',2,'整型','int','D-U143528452115354128',2,1),('D-U143528465248556356',2,'小数','numeric','D-U143528452115354128',3,1),('D-U143528469421736768',2,'日期时间','datetime','D-U143528452115354128',4,1),('D-UU141994787908554209',1,'组织机构类型','ORG_TYPE','0',5,1),('D-UU141994799754738879',2,'公司','company','D-UU141994787908554209',1,1),('D-UU141994802829255042',2,'部门','department','D-UU141994787908554209',2,1),('D-UU142649131272879431',1,'显示状态','VISIBLE_STATE','0',6,1),('D-UU142649132119031154',2,'显示','1','D-UU142649131272879431',1,1),('D-UU142649133056067830',2,'隐藏','0','D-UU142649131272879431',2,1),('D-UU142890921453238272',1,'资源类型','RESOURCE_TYPE','0',7,1),('D-UU142890925241329179',2,'流程菜单资源','flow_resource','D-UU142890921453238272',3,1),('D-UU142890927338225836',2,'表单资源','form_resource','D-UU142890921453238272',2,1),('D-UU142890931093087556',2,'其他资源','other_resource','D-UU142890921453238272',1,1),('D-UU142899881750676264',1,'表单类型','FORM_TYPE','0',8,1),('D-UU142899884488544351',2,'流程表单','flow_form','D-UU142899881750676264',1,1),('D-UU142899901902659586',2,'普通表单','normal_form','D-UU142899881750676264',2,1),('D-UU143066280538891847',1,'是否','YES_OR_NO','0',9,1),('D-UU143066282421563437',2,'是','1','D-UU143066280538891847',1,1),('D-UU143066283457564141',2,'否','0','D-UU143066280538891847',3,1),('D-UU143066288276869806',1,'流程类型','FLOW_TYPE','0',10,1),('D-UU143066293000095099',2,'普通流程','normal_flow','D-UU143066288276869806',1,1),('D-UU143066294971397701',2,'公文流程','office_flow','D-UU143066288276869806',2,1),('D141770362251230637',1,'数据状态','DATA_STATE','0',1,1),('D141770363532239881',2,'有效','1','D141770362251230637',1,1),('D141770364923252290',2,'无效','0','D141770362251230637',2,1),('D141787854035683659',1,'首页布局模板','INDEX_LAYOUT_TEMP','0',3,1),('D141787860820885393',2,'一行一列','l-1-1','D141787854035683659',1,1),('D141787863777042921',2,'一行两列','l-1-2','D141787854035683659',2,1),('D141787866943105931',2,'两行一列','l-2-1','D141787854035683659',3,1),('D141787869379953801',2,'两行两列','l-2-2','D141787854035683659',4,1),('D_U143668337727078367',1,'流程线类型','FLOW_LINE_TYPE','0',12,1),('D_U143668343657740283',2,'正常','normal','D_U143668337727078367',1,1),('D_U143668344965664408',2,'驳回','back','D_U143668337727078367',2,1),('D_U143935698601463174',1,'选择方式','SELECT_STYLE','0',30,1),('D_U143935702783733446',2,'单选','radio','D_U143935698601463174',1,1),('D_U143935703947681541',2,'多选','checkbox','D_U143935698601463174',2,1),('D_U147684954020967859',2,'文本','text','D-U143528452115354128',5,1),('D_U147798209987529948',2,'大文本','longtext','D-U143528452115354128',6,1),('D_U150072105118891605',1,'系统类型','SYS_TYPE','0',31,1),('D_U150072108430946258',2,'内部系统','internal_sys','D_U150072105118891605',1,1),('D_U150072111745594994',2,'外部系统','external_sys','D_U150072105118891605',2,1),('D_U150505689147319379',1,'报表类型','REPORT_TYPE','0',32,1),('D_U150505691852150657',2,'流程报表','flow_report','D_U150505689147319379',1,0),('D_U150505693536168279',2,'普通表单报表','form_report','D_U150505689147319379',2,0),('D_U150505697480974042',2,'其他报表','other_report','D_U150505689147319379',3,0),('D_U150514196143918923',2,'自定义SQL报表','custom_sql_report','D_U150505689147319379',0,1),('D_U150582974016514097',1,'页面打开类型','OPEN_URL_TYPE','0',33,1),('D_U150582986026620497',2,'弹出窗口','popup_win','D_U150582974016514097',1,1),('D_U150582998167066023',2,'新选项卡中打开','cnoj-open-tabs','D_U150582974016514097',2,1),('D_U150583000755452709',2,'当前选项卡中打开','cnoj-open-self','D_U150582974016514097',3,1),('D_U150583013803315345',2,'打开新窗口','_blank','D_U150582974016514097',4,1),('D_U150771101965610026',2,'报表资源','report_resource','D-UU142890921453238272',4,1),('D_U154285367204894559',1,'授课时间','COURSE_TIMES','0',34,1),('D_U154285369346927236',2,'7:30-9:00','1','D_U154285367204894559',1,1),('D_U154285373665568607',2,'9:00-10:30','2','D_U154285367204894559',35,1),('D_U154285375273891463',2,'13:30-15:00','3','D_U154285367204894559',36,1),('D_U154285379350790577',2,'15:30-17:00','4','D_U154285367204894559',37,1),('D_U154285380737356991',2,'18:30-20:00','5','D_U154285367204894559',38,1),('D_U154285636538465892',1,'星期列表','WEEK_INFO_LIST','0',39,1),('D_U154285637786274337',2,'星期一','1','D_U154285636538465892',1,1),('D_U154285639065552152',2,'星期二','2','D_U154285636538465892',40,1),('D_U154285640354285094',2,'星期三','3','D_U154285636538465892',41,1),('D_U154285641632094598',2,'星期四','4','D_U154285636538465892',42,1),('D_U154285642590342963',2,'星期五','5','D_U154285636538465892',43,1),('D_U154285643697439432',2,'星期六','6','D_U154285636538465892',44,1),('D_U154285645487136281',2,'星期天','7','D_U154285636538465892',45,1);

/*Table structure for table `t_n_menu` */

DROP TABLE IF EXISTS `t_n_menu`;

CREATE TABLE `t_n_menu` (
  `id` varchar(32) NOT NULL,
  `icon` varchar(255) DEFAULT NULL,
  `name` varchar(255) DEFAULT NULL,
  `parent_id` varchar(32) NOT NULL,
  `resource_id` varchar(32) DEFAULT NULL,
  `sort_order` int(11) DEFAULT NULL,
  `state` int(11) DEFAULT NULL,
  PRIMARY KEY (`id`)
) ENGINE=InnoDB DEFAULT CHARSET=utf8;

/*Data for the table `t_n_menu` */

insert  into `t_n_menu`(`id`,`icon`,`name`,`parent_id`,`resource_id`,`sort_order`,`state`) values ('M-UU142493393340566190','','系统管理','0','',10,1),('M-UU142493393345840632','','菜单管理','M-UU142502912450567699','UU142493393303513551',2,1),('M-UU142493393345982202','','资源管理','M-UU142502912450567699','UU142493393323156274',1,1),('M-UU142502856650696782','','数据字典管理','M-UU142502912450567699','UU142494155606818866',3,1),('M-UU142502912450567699','','基础信息管理','M-UU142493393340566190','',4,1),('M-UU142508562386146072','','角色管理','M-UU142508565901356613','UU142494261976460581',5,1),('M-UU142508565901356613','','系统权限管理','M-UU142493393340566190','',6,1),('M-UU142508575818005410','','操作权限管理','M-UU142502912450567699','UU142494269829079292',6,1),('M-UU142508577364831096','','用户管理','M-UU142502912450567699','UU142494266546995694',7,1),('M-UU142508579506696266','','权限管理','M-UU142508565901356613','UU142494288694979665',6,1),('M_19367193116906','','教师信息统计','M_875688083764','19335512887359',33,1),('M_23899502264342','','学生续费统计','M_875688083764','23880220569178',1,1),('M_28641873199514','','教室租赁管理','M_U154225004073616144','28616339191410',32,1),('M_875688083764','','统计管理','','',31,1),('M_U154225004073616144','','校务管理','','',20,1),('M_U154225007149324418','','校区管理','M_U154237158480128046','U154225067366985402',1,1),('M_U154226493530106359','','教师信息','M_U154237158480128046','U154226490927926250',21,1),('M_U154226856686813620','','教室信息','M_U154237158480128046','U154226854575116662',22,1),('M_U154227254133036595','','班级信息','M_U154237158480128046','U154227251858798941',24,1),('M_U154228787322754855','','学生信息','M_U154237158480128046','U154228785560711973',23,1),('M_U154233259511310918','','课程表管理','M_U154225004073616144','U154233255974582635',25,1),('M_U154237158480128046','','信息管理','','',28,1),('M_U154237249973265102','','课时管理','M_U154225004073616144','U154237151730283760',29,1),('M_U154272178887659993','','消息通知','M_U154225004073616144','U154272176054572296',30,1);

/*Table structure for table `t_n_op_auth` */

DROP TABLE IF EXISTS `t_n_op_auth`;

CREATE TABLE `t_n_op_auth` (
  `id` varchar(32) NOT NULL,
  `create_time` datetime DEFAULT NULL,
  `name` varchar(255) NOT NULL,
  `value` varchar(50) NOT NULL,
  `sort_order` int(11) DEFAULT NULL,
  PRIMARY KEY (`id`),
  UNIQUE KEY `UK_4567cw4oed5ce96lbqjo3spyt` (`value`)
) ENGINE=InnoDB DEFAULT CHARSET=utf8;

/*Data for the table `t_n_op_auth` */

insert  into `t_n_op_auth`(`id`,`create_time`,`name`,`value`,`sort_order`) values ('A-U143591450834502927','2015-07-03 17:08:28','审核','audit',1),('A-UU142534841115229345','2015-03-03 10:06:51','修改密码','changepwd',5),('A-UU142865511755998939','2015-04-10 16:38:38','修改','edit_designer',1),('A_U143936255049193524','2015-08-12 14:55:50','任意跳转','jump_task',1),('A_U147446697154526617','2016-09-21 22:09:32','流程表单编辑','flow_form_edit',6),('A_U150885497581940413','2017-10-24 22:22:56','导出','export',7),('A_U154234125919595129','2018-11-16 12:07:39','报班','chooseClass',8),('A_U154237155119607752','2018-11-16 20:32:31','生成课时','generateCourseRecord',9),('A_U154241990665741071','2018-11-17 09:58:27','查看学生列表','queryStudent',10),('A_U154242701412479483','2018-11-17 11:56:54','学生签到','studentSignIn',11),('A_U154278335218843096','2018-11-21 14:55:52','课时续费','increaseRemainCourse',12),('B-UU141804293977346637','2014-12-08 20:48:59','添加','add',1),('B-UU141804295101229675','2014-12-08 20:49:11','编辑','edit',2),('B-UU141804296218585442','2014-12-08 20:49:22','删除','del',3),('B-UU141804297299702298','2014-12-08 20:49:32','刷新','refresh',4);

/*Table structure for table `t_n_resource` */

DROP TABLE IF EXISTS `t_n_resource`;

CREATE TABLE `t_n_resource` (
  `id` varchar(32) NOT NULL,
  `create_time` datetime DEFAULT NULL,
  `name` varchar(255) DEFAULT NULL,
  `uri` varchar(255) DEFAULT NULL,
  `state` int(11) DEFAULT NULL,
  `op_auths` varchar(255) DEFAULT NULL,
  `type` varchar(50) DEFAULT NULL,
  PRIMARY KEY (`id`)
) ENGINE=InnoDB DEFAULT CHARSET=utf8;

/*Data for the table `t_n_resource` */

insert  into `t_n_resource`(`id`,`create_time`,`name`,`uri`,`state`,`op_auths`,`type`) values ('19335512887359','2018-12-05 14:15:07','教师统计','studyStatistics/teacher/list',1,NULL,'other_resource'),('23880220569178','2018-12-04 15:36:05','续费记录','studyRenewRecord/list',1,NULL,'other_resource'),('28616339191410','2018-12-04 16:55:02','教室租赁信息','studyClassroom/rental/list',1,NULL,'other_resource'),('U154225067366985402','2018-11-15 10:57:54','校区信息','studySchool/list',1,'edit_designer,add,edit,','other_resource'),('U154226490927926250','2018-11-15 14:55:09','教师','studyTeacher/list',1,'add,edit,del,refresh,','other_resource'),('U154226854575116662','2018-11-15 15:55:46','教室信息','studyClassroom/list',1,'add,edit,del,refresh,','other_resource'),('U154227251858798941','2018-11-15 17:01:59','班级信息','studyCourse/index',1,NULL,'other_resource'),('U154228785560711973','2018-11-15 21:17:35','学生信息','studyStudent/list',1,'increaseRemainCourse,add,edit,del,refresh,','other_resource'),('U154233255974582635','2018-11-16 09:42:40','课程表','studyCourse/list',1,'add,edit,del,refresh,','other_resource'),('U154235825869638603','2018-11-16 16:50:59','学生课时信息','studyStudent/course/list',1,'del,refresh,','other_resource'),('U154237151730283760','2018-11-16 20:31:57','课时记录','studyCourse/record/index',1,NULL,'other_resource'),('U154242430730400390','2018-11-17 11:11:47','每日课时_学生','studyCourse/studentRecord/list',1,'studentSignIn,edit,refresh,','other_resource'),('U154272176054572296','2018-11-20 21:49:20','系统提醒','studySystemMessage/list',1,'edit,refresh,','other_resource'),('UU142493393303513551','2015-02-27 15:35:45','菜单管理','menu/list',1,'add,edit,del,refresh,',NULL),('UU142493393323156274','2015-02-26 14:58:53','资源管理','resource/list',1,'add,edit,del,refresh,','other_resource'),('UU142494155606818866','2015-02-26 17:05:56','数据字典管理','dict/list',1,'add,edit,del,refresh,',NULL),('UU142494261976460581','2015-02-26 17:23:39','角色管理','role/list',1,'add,edit,del,refresh,',NULL),('UU142494266546995694','2015-02-26 17:24:25','用户管理','user/list',1,'changepwd,add,edit,del,refresh,','other_resource'),('UU142494269829079292','2015-02-26 17:24:58','操作权限管理','opauth/list',1,'add,edit,del,refresh,',NULL),('UU142494281162643857','2015-02-26 17:26:51','组织机构管理','org/list',1,'add,edit,del,refresh,',NULL),('UU142494288694979665','2015-02-26 17:28:06','权限管理','auth/index',1,NULL,NULL),('UU142536339652188513','2015-03-03 14:16:36','角色下的用户列表','role/userlist',1,'add,del,refresh,',NULL),('UU142536421178574716','2015-03-03 14:30:11','用户拥有的角色列表','user/rolelist',1,'add,del,refresh,',NULL);

/*Table structure for table `t_n_role` */

DROP TABLE IF EXISTS `t_n_role`;

CREATE TABLE `t_n_role` (
  `id` varchar(32) NOT NULL,
  `create_time` datetime DEFAULT NULL,
  `descr` varchar(255) DEFAULT NULL,
  `name` varchar(127) DEFAULT NULL,
  `flag` varchar(127) DEFAULT NULL,
  `user_id` varchar(32) DEFAULT NULL,
  `state` int(11) DEFAULT NULL,
  PRIMARY KEY (`id`)
) ENGINE=InnoDB DEFAULT CHARSET=utf8;

/*Data for the table `t_n_role` */

insert  into `t_n_role`(`id`,`create_time`,`descr`,`name`,`flag`,`user_id`,`state`) values ('R-UU141994583098704113','2014-12-30 21:23:50','普通管理员角色','普通管理员',NULL,'U141770099155103287',1),('R-UU142509589602782910','2015-02-28 11:58:16','教师权限','教师',NULL,'U141770099155103287',1),('R141770099156750308','2014-12-04 21:49:51','系统超级管理员角色','超级管理员角色','super_admin','U141770099155103287',1);

/*Table structure for table `t_n_role_menu` */

DROP TABLE IF EXISTS `t_n_role_menu`;

CREATE TABLE `t_n_role_menu` (
  `id` varchar(32) NOT NULL,
  `menu_id` varchar(32) NOT NULL,
  `role_id` varchar(32) NOT NULL,
  PRIMARY KEY (`id`)
) ENGINE=InnoDB DEFAULT CHARSET=utf8;

/*Data for the table `t_n_role_menu` */

insert  into `t_n_role_menu`(`id`,`menu_id`,`role_id`) values ('RM-19367214614968','M_19367193116906','R141770099156750308'),('RM-19374575168103','M_23899502264342','R141770099156750308'),('RM-24125714436239','M-UU142508562386146072','R141770099156750308'),('RM-24125719974137','M_U154237249973265102','R141770099156750308'),('RM-24125720200977','M-UU142502856650696782','R141770099156750308'),('RM-24125720274587','M-UU142493393345840632','R141770099156750308'),('RM-24125720342789','M_U154226856686813620','R141770099156750308'),('RM-24125720425713','M-UU142493393345982202','R141770099156750308'),('RM-24125720495418','M-UU142508579506696266','R141770099156750308'),('RM-24125720631221','M-UU142508575818005410','R141770099156750308'),('RM-24125720698823','M-UU142508577364831096','R141770099156750308'),('RM-24125720767325','M_U154227254133036595','R141770099156750308'),('RM-24125720834326','M_875688083764','R141770099156750308'),('RM-24125720902528','M_U154225004073616144','R141770099156750308'),('RM-24125720970730','M_U154228787322754855','R141770099156750308'),('RM-24125721061165','M-UU142502912450567699','R141770099156750308'),('RM-24125721135377','M_U154225007149324418','R141770099156750308'),('RM-24125722645139','M-UU142508565901356613','R141770099156750308'),('RM-24125722955804','M-UU142493393340566190','R141770099156750308'),('RM-24125723054953','M_U154226493530106359','R141770099156750308'),('RM-24125723123455','M_U154233259511310918','R141770099156750308'),('RM-24125723207281','M_U154237158480128046','R141770099156750308'),('RM-24125723273080','M_U154272178887659993','R141770099156750308'),('RM-24158716391869','M_U154225004073616144','R-UU142509589602782910'),('RM-24158716656866','M_U154228787322754855','R-UU142509589602782910'),('RM-24158716779751','M_U154237249973265102','R-UU142509589602782910'),('RM-24158716900231','M_U154237158480128046','R-UU142509589602782910'),('RM-24158716961823','M_U154227254133036595','R-UU142509589602782910'),('RM-28925195889000','M_28641873199514','R141770099156750308'),('RM-U154276255292806698','M_U154228787322754855','R-UU141994583098704113'),('RM-U154276255292834146','M_U154225004073616144','R-UU141994583098704113'),('RM-U154276255292849120','M_U154237249973265102','R-UU141994583098704113'),('RM-U154276255292865687','M_U154225007149324418','R-UU141994583098704113'),('RM-U154276255292897551','M_U154226493530106359','R-UU141994583098704113'),('RM-U154276255292922259','M_U154227254133036595','R-UU141994583098704113'),('RM-U154276255292942249','M_U154233259511310918','R-UU141994583098704113'),('RM-U154276255292943793','M_U154226856686813620','R-UU141994583098704113'),('RM-U154276255292961173','M_U154272178887659993','R-UU141994583098704113'),('RM-U154276255292982808','M_U154237158480128046','R-UU141994583098704113');

/*Table structure for table `t_n_role_resource` */

DROP TABLE IF EXISTS `t_n_role_resource`;

CREATE TABLE `t_n_role_resource` (
  `id` varchar(32) NOT NULL,
  `op_auths` varchar(255) DEFAULT NULL,
  `resource_id` varchar(32) NOT NULL,
  `role_id` varchar(32) NOT NULL,
  PRIMARY KEY (`id`)
) ENGINE=InnoDB DEFAULT CHARSET=utf8;

/*Data for the table `t_n_role_resource` */

insert  into `t_n_role_resource`(`id`,`op_auths`,`resource_id`,`role_id`) values ('19335549749421','','19335512887359','R141770099156750308'),('24125733868154','add,edit,del,refresh,','UU142493393323156274','R141770099156750308'),('24125734262345','add,edit,del,refresh,','UU142494155606818866','R141770099156750308'),('24125734361193','add,edit,del,refresh,','UU142494261976460581','R141770099156750308'),('24125734591338','add,edit,del,refresh,changepwd,','UU142494266546995694','R141770099156750308'),('24125734734052','add,edit,del,refresh,','UU142494269829079292','R141770099156750308'),('24125734828693','add,edit,del,refresh,','UU142494281162643857','R141770099156750308'),('24125734909514','','UU142494288694979665','R141770099156750308'),('24125734994542','add,edit,del,refresh,','UU142493393303513551','R141770099156750308'),('24125735081672','add,del,refresh,','UU142536339652188513','R141770099156750308'),('24125735167601','add,del,refresh,','UU142536421178574716','R141770099156750308'),('24125735264346','edit_designer,add,edit,','U154225067366985402','R141770099156750308'),('24125735350876','add,edit,del,refresh,','U154226490927926250','R141770099156750308'),('24125735442213','add,edit,del,refresh,','U154226854575116662','R141770099156750308'),('24125735523334','','U154227251858798941','R141770099156750308'),('24125735629393','add,edit,del,refresh,increaseRemainCourse,','U154228785560711973','R141770099156750308'),('24125735707210','add,edit,del,refresh,','U154233255974582635','R141770099156750308'),('24125737024684','del,refresh,','U154235825869638603','R141770099156750308'),('24125737298394','','U154237151730283760','R141770099156750308'),('24125737402650','edit,refresh,studentSignIn,','U154242430730400390','R141770099156750308'),('24125737474758','edit,refresh,','U154272176054572296','R141770099156750308'),('24125737548669','','23880220569178','R141770099156750308'),('28616404043578','','28616339191410','R141770099156750308'),('U154276255293867843','edit_designer,add,edit,','U154225067366985402','R-UU141994583098704113'),('U154276255293907670','del,refresh,','U154235825869638603','R-UU141994583098704113'),('U154276255293932334','add,edit,del,refresh,','U154226854575116662','R-UU141994583098704113'),('U154276255293933887','refresh,','U154234951077617402','R-UU141994583098704113'),('U154276255293953354','','U154237151730283760','R-UU141994583098704113'),('U154276255293965975','edit,refresh,studentSignIn,','U154242430730400390','R-UU141994583098704113'),('U154276255293969941','','U154227251858798941','R-UU141994583098704113'),('U154276255293976867','add,edit,del,refresh,','U154226490927926250','R-UU141994583098704113'),('U154276255293984354','add,edit,del,refresh,chooseClass,','U154228785560711973','R-UU141994583098704113'),('U154276255293998709','add,edit,del,refresh,','U154233255974582635','R-UU141994583098704113');

/*Table structure for table `t_n_role_user` */

DROP TABLE IF EXISTS `t_n_role_user`;

CREATE TABLE `t_n_role_user` (
  `ID` varchar(32) NOT NULL,
  `ROLE_ID` varchar(32) DEFAULT NULL,
  `USER_ID` varchar(32) DEFAULT NULL,
  PRIMARY KEY (`ID`)
) ENGINE=InnoDB DEFAULT CHARSET=utf8;

/*Data for the table `t_n_role_user` */

insert  into `t_n_role_user`(`ID`,`ROLE_ID`,`USER_ID`) values ('141770099157657188','R141770099156750308','U141770099155103287'),('U143462141469509690','R-UU141994583098704113','U-UU142406936416863226'),('U150485509319491457','R-UU141994583098704113','U_U146720855065737398'),('U154237232717738607','R-UU141994583098704113','U_U154237223000479222'),('U154276270973930261','R-UU142509589602782910','U_U154276269082998004'),('UU142407651985936553','R-UU141994583098704113','U-UU142062143880838422');

/*Table structure for table `t_n_user` */

DROP TABLE IF EXISTS `t_n_user`;

CREATE TABLE `t_n_user` (
  `id` varchar(32) NOT NULL,
  `create_time` datetime DEFAULT NULL,
  `email` varchar(255) DEFAULT NULL,
  `full_name` varchar(32) DEFAULT NULL,
  `mobile_no` varchar(32) DEFAULT NULL,
  `org_id` varchar(64) DEFAULT NULL,
  `password` varchar(32) DEFAULT NULL,
  `qq` varchar(20) DEFAULT NULL,
  `remark` varchar(255) DEFAULT NULL,
  `state` int(11) DEFAULT NULL,
  `username` varchar(50) NOT NULL,
  `position_id` varchar(32) DEFAULT NULL,
  `sort_order` int(11) DEFAULT NULL,
  PRIMARY KEY (`id`)
) ENGINE=InnoDB DEFAULT CHARSET=utf8;

/*Data for the table `t_n_user` */

insert  into `t_n_user`(`id`,`create_time`,`email`,`full_name`,`mobile_no`,`org_id`,`password`,`qq`,`remark`,`state`,`username`,`position_id`,`sort_order`) values ('U141770099155103287','2014-12-04 21:49:51','','超级管理员','','0','c51b9fba77df5f9195d7730163e176fc','','',1,'admin','',NULL),('U_U154237223000479222','2018-11-16 20:43:50','','协会管理员','','ORG_U154237217148182457','2a77cd266fd40bbc58f0b09c55f39f79','','',1,'tg-admin','',NULL),('U_U154276269082998004','2018-11-21 09:11:31','','老师01','','ORG_U154237217148182457','e10adc3949ba59abbe56e057f20f883e','','',1,'teacher01','',NULL);

/*Table structure for table `tg_study_classroom` */

DROP TABLE IF EXISTS `tg_study_classroom`;

CREATE TABLE `tg_study_classroom` (
  `id` varchar(64) NOT NULL,
  `school_id` varchar(64) DEFAULT NULL,
  `school_name` varchar(64) DEFAULT NULL,
  `name` varchar(64) DEFAULT NULL,
  `status` varchar(16) DEFAULT NULL,
  `description` varchar(128) DEFAULT NULL,
  `create_time` datetime DEFAULT NULL,
  `update_time` datetime DEFAULT NULL,
  `sort_order` int(4) DEFAULT NULL,
  PRIMARY KEY (`id`)
) ENGINE=InnoDB DEFAULT CHARSET=utf8;

/*Data for the table `tg_study_classroom` */

insert  into `tg_study_classroom`(`id`,`school_id`,`school_name`,`name`,`status`,`description`,`create_time`,`update_time`,`sort_order`) values ('U154278944159689965','U154278937639961731','灵秀','灵秀教室一','NORMAL','灵秀一','2018-11-21 16:37:22','2018-11-26 15:23:04',1),('U154278945143928838','U154278937639961731','灵秀','灵秀二','NORMAL','灵秀二','2018-11-21 16:37:31',NULL,2),('U154278946335725256','U154278938594715590','碧海','碧海一','NORMAL','碧海一','2018-11-21 16:37:43',NULL,3),('U154278947254004755','U154278938594715590','碧海','碧海二','NORMAL','碧海二','2018-11-21 16:37:53',NULL,4),('U154278948205280404','U154278938594715590','碧海','碧海三','NORMAL','碧海三','2018-11-21 16:38:02',NULL,5),('U154278949320644493','U154278938594715590','碧海','碧海四','NORMAL','碧海四','2018-11-21 16:38:13',NULL,6),('U154278950797478300','U154278940555972710','沈家门','沈家门','NORMAL','沈家门','2018-11-21 16:38:28',NULL,7),('U154278952002996339','U154278942492545956','城建','城建','NORMAL','城建','2018-11-21 16:38:40',NULL,9),('U154279020003980659','U154278941642911961','一小','一小','NORMAL','一小','2018-11-21 16:50:00',NULL,8);

/*Table structure for table `tg_study_classroom_rental` */

DROP TABLE IF EXISTS `tg_study_classroom_rental`;

CREATE TABLE `tg_study_classroom_rental` (
  `id` varchar(64) NOT NULL,
  `name` varchar(64) DEFAULT NULL,
  `classroom_id` varchar(64) DEFAULT NULL,
  `classroom_name` varchar(64) DEFAULT NULL,
  `tenant_name` varchar(64) DEFAULT NULL,
  `tenant_phone` varchar(16) DEFAULT NULL,
  `status` varchar(32) DEFAULT NULL,
  `duration` int(11) DEFAULT NULL COMMENT '时长，单位天',
  `end_date` varchar(16) DEFAULT NULL COMMENT '结束日期',
  `create_time` datetime DEFAULT NULL,
  `description` varchar(128) DEFAULT NULL,
  `week_info` tinyint(4) DEFAULT NULL,
  `course_time_index` tinyint(4) DEFAULT NULL,
  `course_time` varchar(32) DEFAULT NULL,
  PRIMARY KEY (`id`)
) ENGINE=InnoDB DEFAULT CHARSET=utf8;

/*Data for the table `tg_study_classroom_rental` */

insert  into `tg_study_classroom_rental`(`id`,`name`,`classroom_id`,`classroom_name`,`tenant_name`,`tenant_phone`,`status`,`duration`,`end_date`,`create_time`,`description`,`week_info`,`course_time_index`,`course_time`) values ('1533663021662','[租]租赁人01','U154278945143928838','灵秀二','租赁人01','18861530001','NORMAL',0,'2018-12-12','2018-12-05 09:18:25','测试租赁',1,1,'7:30-9:00');

/*Table structure for table `tg_study_course` */

DROP TABLE IF EXISTS `tg_study_course`;

CREATE TABLE `tg_study_course` (
  `id` varchar(64) NOT NULL,
  `name` varchar(64) DEFAULT NULL,
  `week_info` tinyint(2) DEFAULT NULL,
  `course_time_index` tinyint(2) DEFAULT NULL,
  `course_time` varchar(32) DEFAULT NULL,
  `school_id` varchar(64) DEFAULT NULL,
  `school_name` varchar(64) DEFAULT NULL,
  `classroom_id` varchar(64) DEFAULT NULL,
  `classroom_name` varchar(64) DEFAULT NULL,
  `teacher_id` varchar(64) DEFAULT NULL,
  `teacher_name` varchar(64) DEFAULT NULL,
  `status` varchar(16) DEFAULT NULL,
  `description` varchar(255) DEFAULT NULL,
  `create_time` datetime DEFAULT NULL,
  `update_time` datetime DEFAULT NULL,
  PRIMARY KEY (`id`)
) ENGINE=InnoDB DEFAULT CHARSET=utf8;

/*Data for the table `tg_study_course` */

insert  into `tg_study_course`(`id`,`name`,`week_info`,`course_time_index`,`course_time`,`school_id`,`school_name`,`classroom_id`,`classroom_name`,`teacher_id`,`teacher_name`,`status`,`description`,`create_time`,`update_time`) values ('22441366697974','叶开良星期四5',4,5,'18:30-20:00','U154278937639961731','灵秀','U154278944159689965','灵秀教室一','U154278963512684555','叶开良','DELETE','','2018-11-30 15:35:30','2018-11-30 15:36:38'),('U154285565174266606','周宏斌星期二5',2,5,'18:30-20:00','U154278937639961731','灵秀','U154278944159689965','灵秀一','U154278954605976028','周宏斌','NORMAL','','2018-11-22 11:48:56','2018-11-22 11:47:45'),('U154285648373308696','周宏斌星期三5',3,5,'18:30-20:00','U154278937639961731','灵秀','U154278944159689965','灵秀一','U154278954605976028','周宏斌','NORMAL','','2018-11-22 11:14:44',NULL),('U154285651121458136','周宏斌星期五5',5,5,'18:30-20:00','U154278937639961731','灵秀','U154278944159689965','灵秀一','U154278954605976028','周宏斌','NORMAL','','2018-11-22 11:15:11',NULL),('U154285654102487561','周宏斌星期四5',4,5,'18:30-20:00','U154278938594715590','碧海','U154278949320644493','碧海四','U154278954605976028','周宏斌','NORMAL','','2018-11-22 11:15:41',NULL),('U154285664693668265','周宏斌星期六1',6,1,'7:30-9:00','U154278941642911961','一小','U154279020003980659','一小','U154278954605976028','周宏斌','NORMAL','','2018-11-22 11:17:27',NULL),('U154285666029388397','周宏斌星期六2',6,2,'9:00-10:30','U154278941642911961','一小','U154279020003980659','一小','U154278954605976028','周宏斌','NORMAL','','2018-11-22 11:17:40',NULL),('U154285667675426054','周宏斌星期六3',6,3,'13:30-15:00','U154278937639961731','灵秀','U154278944159689965','灵秀一','U154278954605976028','周宏斌','NORMAL','','2018-11-22 11:17:57',NULL),('U154285668918106780','周宏斌星期六4',6,4,'15:30-17:00','U154278937639961731','灵秀','U154278944159689965','灵秀一','U154278954605976028','周宏斌','NORMAL','','2018-11-22 11:18:09',NULL),('U154285669967069011','周宏斌星期六5',6,5,'18:30-20:00','U154278937639961731','灵秀','U154278944159689965','灵秀一','U154278954605976028','周宏斌','NORMAL','','2018-11-22 11:18:20',NULL),('U154285671686326617','周宏斌星期天2',7,2,'9:00-10:30','U154278938594715590','碧海','U154278948205280404','碧海三','U154278954605976028','周宏斌','NORMAL','','2018-11-22 11:18:37',NULL),('U154285673148545401','周宏斌星期天4',7,4,'15:30-17:00','U154278938594715590','碧海','U154278948205280404','碧海三','U154278954605976028','周宏斌','NORMAL','','2018-11-22 11:18:51',NULL),('U154285674483362792','周宏斌星期天5',7,5,'18:30-20:00','U154278938594715590','碧海','U154278948205280404','碧海三','U154278954605976028','周宏斌','NORMAL','','2018-11-22 11:19:05',NULL),('U154285853614541899','孙为民星期二5',2,5,'18:30-20:00','U154278937639961731','灵秀','U154278945143928838','灵秀二','U154278956053217488','孙为民','NORMAL','','2018-11-22 11:48:56',NULL),('U154286250823733462','孙为民星期三5',3,5,'18:30-20:00','U154278937639961731','灵秀','U154278945143928838','灵秀二','U154278956053217488','孙为民','NORMAL','','2018-11-22 12:55:08',NULL),('U154286253275412196','孙为民星期天2',7,2,'9:00-10:30','U154278937639961731','灵秀','U154278945143928838','灵秀二','U154278956053217488','孙为民','NORMAL','','2018-11-22 12:55:32',NULL),('U154321450082528297','孙为民星期五5',5,5,'18:30-20:00','U154278937639961731','灵秀','U154278945143928838','灵秀二','U154278956053217488','孙为民','NORMAL','','2018-11-26 14:41:41',NULL),('U154321453228793165','孙为民星期四5',4,5,'18:30-20:00','U154278937639961731','灵秀','U154278945143928838','灵秀二','U154278956053217488','孙为民','NORMAL','','2018-11-26 14:42:12',NULL),('U154331583849973057','孙为民星期六4',6,4,'15:30-17:00','U154278937639961731','灵秀','U154278945143928838','灵秀二','U154278956053217488','孙为民','NORMAL','','2018-11-27 18:50:38',NULL),('U154331587360995171','孙为民星期天5',7,5,'18:30-20:00','U154278937639961731','灵秀','U154278945143928838','灵秀二','U154278956053217488','孙为民','NORMAL','','2018-11-27 18:51:14',NULL),('U154331590595497372','孙为民星期六5',6,5,'18:30-20:00','U154278937639961731','灵秀','U154278945143928838','灵秀二','U154278956053217488','孙为民','NORMAL','','2018-11-27 18:51:46',NULL),('U154331609637265652','孙为民星期天3',7,3,'13:30-15:00','U154278937639961731','灵秀','U154278945143928838','灵秀二','U154278956053217488','孙为民','NORMAL','','2018-11-27 18:54:56',NULL),('U154331611632321652','孙为民星期天4',7,4,'15:30-17:00','U154278937639961731','灵秀','U154278945143928838','灵秀二','U154278956053217488','孙为民','NORMAL','','2018-11-27 18:55:16',NULL),('U154331618506003732','蒋杰星期二5',2,5,'18:30-20:00','U154278938594715590','碧海','U154278948205280404','碧海三','U154278962301569613','蒋杰','NORMAL','','2018-11-27 18:56:25',NULL),('U154331622868873883','蒋杰星期四5',4,5,'18:30-20:00','U154278938594715590','碧海','U154278948205280404','碧海三','U154278962301569613','蒋杰','NORMAL','','2018-11-27 18:57:09',NULL),('U154331625094150043','蒋杰星期五5',5,5,'18:30-20:00','U154278938594715590','碧海','U154278948205280404','碧海三','U154278962301569613','蒋杰','NORMAL','','2018-11-27 18:57:31',NULL),('U154331626987808688','蒋杰星期六5',6,5,'18:30-20:00','U154278938594715590','碧海','U154278948205280404','碧海三','U154278962301569613','蒋杰','NORMAL','','2018-11-27 18:57:50',NULL),('U154331630992056941','蒋杰星期天4',7,4,'15:30-17:00','U154278938594715590','碧海','U154278949320644493','碧海四','U154278962301569613','蒋杰','NORMAL','','2018-11-27 18:58:30',NULL),('U154331632522246735','蒋杰星期天5',7,5,'18:30-20:00','U154278938594715590','碧海','U154278946335725256','碧海一','U154278962301569613','蒋杰','NORMAL','','2018-11-27 18:58:45',NULL),('U154331634970314561','叶开良星期一5',1,5,'18:30-20:00','U154278938594715590','碧海','U154278948205280404','碧海三','U154278963512684555','叶开良','DELETE','','2018-11-27 18:59:10','2018-12-02 19:20:49'),('U154331636768098806','叶开良星期三5',3,5,'18:30-20:00','U154278938594715590','碧海','U154278948205280404','碧海三','U154278963512684555','叶开良','NORMAL','','2018-11-27 18:59:28',NULL),('U154331639561708991','叶开良星期六2',6,2,'9:00-10:30','U154278938594715590','碧海','U154278949320644493','碧海四','U154278963512684555','叶开良','NORMAL','','2018-11-27 18:59:56',NULL),('U154331641512144419','叶开良星期六5',6,5,'18:30-20:00','U154278938594715590','碧海','U154278949320644493','碧海四','U154278963512684555','叶开良','NORMAL','','2018-11-27 19:00:15',NULL),('U154331645150689904','张国忠星期一4',1,4,'15:30-17:00','U154278942492545956','城建','U154278952002996339','城建','U154278965230025110','张国忠','NORMAL','',NULL,'2018-11-30 15:25:20'),('U154331648087753947','张国忠星期二5',2,5,'18:30-20:00','U154278938594715590','碧海','U154278949320644493','碧海四','U154278965230025110','张国忠','NORMAL','','2018-11-27 19:01:21',NULL),('U154331651105088220','张国忠星期二4',2,4,'15:30-17:00','U154278942492545956','城建','U154278952002996339','城建','U154278965230025110','张国忠','NORMAL','','2018-11-27 19:01:51',NULL),('U154331654629338228','张国忠星期三5',3,5,'18:30-20:00','U154278940555972710','沈家门','U154278950797478300','沈家门','U154278965230025110','张国忠','NORMAL','','2018-11-27 19:02:26',NULL),('U154331661348038476','张国忠星期三4',3,4,'15:30-17:00','U154278942492545956','城建','U154278952002996339','城建','U154278965230025110','张国忠','NORMAL','','2018-11-27 19:03:33',NULL),('U154331663642200391','张国忠星期五5',5,5,'18:30-20:00','U154278938594715590','碧海','U154278949320644493','碧海四','U154278965230025110','张国忠','NORMAL','','2018-11-27 19:03:56',NULL),('U154331668060749703','张国忠星期六2',6,2,'9:00-10:30','U154278938594715590','碧海','U154278948205280404','碧海三','U154278965230025110','张国忠','NORMAL','',NULL,'2018-11-30 15:05:22'),('U154331674313825100','张国忠星期六5',6,5,'18:30-20:00','U154278940555972710','沈家门','U154278950797478300','沈家门','U154278965230025110','张国忠','NORMAL','','2018-11-27 19:05:43',NULL),('U154331675928846382','张国忠星期天2',7,2,'9:00-10:30','U154278940555972710','沈家门','U154278950797478300','沈家门','U154278965230025110','张国忠','NORMAL','','2018-11-27 19:05:59',NULL),('U154331677571378638','张国忠星期天5',7,5,'18:30-20:00','U154278938594715590','碧海','U154278949320644493','碧海四','U154278965230025110','张国忠','NORMAL','','2018-11-27 19:06:16',NULL);

/*Table structure for table `tg_study_course_record` */

DROP TABLE IF EXISTS `tg_study_course_record`;

CREATE TABLE `tg_study_course_record` (
  `id` varchar(64) NOT NULL,
  `course_id` varchar(64) DEFAULT NULL,
  `course_name` varchar(64) DEFAULT NULL,
  `course_date` varchar(32) DEFAULT NULL,
  `course_time` varchar(32) DEFAULT NULL,
  `classroom_id` varchar(64) DEFAULT NULL,
  `classroom_name` varchar(64) DEFAULT NULL,
  `teacher_id` varchar(64) DEFAULT NULL,
  `teacher_name` varchar(64) DEFAULT NULL,
  `student_quantity_plan` int(11) DEFAULT NULL,
  `student_quantity_actual` int(11) DEFAULT NULL,
  `student_personal_leave` int(11) DEFAULT NULL,
  `student_play_truant` int(11) DEFAULT NULL,
  `student_other_absent` int(11) DEFAULT NULL,
  `status` varchar(16) DEFAULT NULL,
  `create_time` datetime DEFAULT NULL,
  `update_time` datetime DEFAULT NULL,
  `description` varchar(128) DEFAULT NULL,
  PRIMARY KEY (`id`)
) ENGINE=InnoDB DEFAULT CHARSET=utf8;

/*Data for the table `tg_study_course_record` */

insert  into `tg_study_course_record`(`id`,`course_id`,`course_name`,`course_date`,`course_time`,`classroom_id`,`classroom_name`,`teacher_id`,`teacher_name`,`student_quantity_plan`,`student_quantity_actual`,`student_personal_leave`,`student_play_truant`,`student_other_absent`,`status`,`create_time`,`update_time`,`description`) values ('2012645214625','U154285565174266606','周宏斌星期二5','2018-12-04','18:30-20:00','U154278944159689965','灵秀一','U154278954605976028','周宏斌',11,11,0,0,0,'NORMAL_END','2018-12-03 09:31:28','2018-12-05 14:35:58',NULL),('2012796065244','U154285648373308696','周宏斌星期三5','2018-12-05','18:30-20:00','U154278944159689965','灵秀一','U154278954605976028','周宏斌',9,0,0,0,0,'NORMAL','2018-12-03 09:31:28',NULL,NULL),('2012900724054','U154285651121458136','周宏斌星期五5','2018-12-07','18:30-20:00','U154278944159689965','灵秀一','U154278954605976028','周宏斌',13,0,0,0,0,'NORMAL','2018-12-03 09:31:28',NULL,NULL),('2013039951459','U154285654102487561','周宏斌星期四5','2018-12-06','18:30-20:00','U154278949320644493','碧海四','U154278954605976028','周宏斌',12,0,0,0,0,'NORMAL','2018-12-03 09:31:29',NULL,NULL),('2013143700806','U154285664693668265','周宏斌星期六1','2018-12-08','7:30-9:00','U154279020003980659','一小','U154278954605976028','周宏斌',0,0,0,0,0,'NORMAL','2018-12-03 09:31:29',NULL,NULL),('2013152287973','U154285666029388397','周宏斌星期六2','2018-12-08','9:00-10:30','U154279020003980659','一小','U154278954605976028','周宏斌',0,0,0,0,0,'NORMAL','2018-12-03 09:31:29',NULL,NULL),('2013162651701','U154285667675426054','周宏斌星期六3','2018-12-08','13:30-15:00','U154278944159689965','灵秀一','U154278954605976028','周宏斌',10,0,0,0,0,'NORMAL','2018-12-03 09:31:29',NULL,NULL),('2013267187627','U154285668918106780','周宏斌星期六4','2018-12-08','15:30-17:00','U154278944159689965','灵秀一','U154278954605976028','周宏斌',9,0,0,0,0,'NORMAL','2018-12-03 09:31:29',NULL,NULL),('2013361593575','U154285669967069011','周宏斌星期六5','2018-12-08','18:30-20:00','U154278944159689965','灵秀一','U154278954605976028','周宏斌',10,0,0,0,0,'NORMAL','2018-12-03 09:31:29',NULL,NULL),('2013466096752','U154285671686326617','周宏斌星期天2','2018-12-09','9:00-10:30','U154278948205280404','碧海三','U154278954605976028','周宏斌',10,0,0,0,0,'NORMAL','2018-12-03 09:31:29',NULL,NULL),('2013559531946','U154285673148545401','周宏斌星期天4','2018-12-09','15:30-17:00','U154278948205280404','碧海三','U154278954605976028','周宏斌',13,0,0,0,0,'NORMAL','2018-12-03 09:31:29',NULL,NULL),('2013652740300','U154285674483362792','周宏斌星期天5','2018-12-09','18:30-20:00','U154278948205280404','碧海三','U154278954605976028','周宏斌',14,0,0,0,0,'NORMAL','2018-12-03 09:31:29',NULL,NULL),('2013777717954','U154285853614541899','孙为民星期二5','2018-12-04','18:30-20:00','U154278945143928838','灵秀二','U154278956053217488','孙为民',8,8,0,0,0,'NORMAL_END','2018-12-03 09:31:29','2018-12-05 14:36:12',NULL),('2013833330679','U154286250823733462','孙为民星期三5','2018-12-05','18:30-20:00','U154278945143928838','灵秀二','U154278956053217488','孙为民',14,0,0,0,0,'NORMAL','2018-12-03 09:31:29',NULL,NULL),('2013931952244','U154286253275412196','孙为民星期天2','2018-12-09','9:00-10:30','U154278945143928838','灵秀二','U154278956053217488','孙为民',6,0,0,0,0,'NORMAL','2018-12-03 09:31:30',NULL,NULL),('2013975936645','U154321450082528297','孙为民星期五5','2018-12-07','18:30-20:00','U154278945143928838','灵秀二','U154278956053217488','孙为民',14,0,0,0,0,'NORMAL','2018-12-03 09:31:30',NULL,NULL),('2014062360234','U154321453228793165','孙为民星期四5','2018-12-06','18:30-20:00','U154278945143928838','灵秀二','U154278956053217488','孙为民',12,0,0,0,0,'NORMAL','2018-12-03 09:31:30',NULL,NULL),('2014173885232','U154331583849973057','孙为民星期六4','2018-12-08','15:30-17:00','U154278945143928838','灵秀二','U154278956053217488','孙为民',11,0,0,0,0,'NORMAL','2018-12-03 09:31:30',NULL,NULL),('2014276395823','U154331587360995171','孙为民星期天5','2018-12-09','18:30-20:00','U154278945143928838','灵秀二','U154278956053217488','孙为民',13,0,0,0,0,'NORMAL','2018-12-03 09:31:30',NULL,NULL),('2014374898410','U154331590595497372','孙为民星期六5','2018-12-08','18:30-20:00','U154278945143928838','灵秀二','U154278956053217488','孙为民',14,0,0,0,0,'NORMAL','2018-12-03 09:31:30',NULL,NULL),('2014458286250','U154331609637265652','孙为民星期天3','2018-12-09','13:30-15:00','U154278945143928838','灵秀二','U154278956053217488','孙为民',11,0,0,0,0,'NORMAL','2018-12-03 09:31:30',NULL,NULL),('2014548515040','U154331611632321652','孙为民星期天4','2018-12-09','15:30-17:00','U154278945143928838','灵秀二','U154278956053217488','孙为民',18,0,0,0,0,'NORMAL','2018-12-03 09:31:30',NULL,NULL),('2014656930378','U154331618506003732','蒋杰星期二5','2018-12-04','18:30-20:00','U154278948205280404','碧海三','U154278962301569613','蒋杰',8,2,4,2,0,'NORMAL_END','2018-12-03 09:31:30','2018-12-05 14:39:55',NULL),('2014714671191','U154331622868873883','蒋杰星期四5','2018-12-06','18:30-20:00','U154278948205280404','碧海三','U154278962301569613','蒋杰',10,0,0,0,0,'NORMAL','2018-12-03 09:31:30',NULL,NULL),('2014793747571','U154331625094150043','蒋杰星期五5','2018-12-07','18:30-20:00','U154278948205280404','碧海三','U154278962301569613','蒋杰',12,0,0,0,0,'NORMAL','2018-12-03 09:31:30',NULL,NULL),('2014860892775','U154331626987808688','蒋杰星期六5','2018-12-08','18:30-20:00','U154278948205280404','碧海三','U154278962301569613','蒋杰',8,0,0,0,0,'NORMAL','2018-12-03 09:31:30',NULL,NULL),('2014914204953','U154331630992056941','蒋杰星期天4','2018-12-09','15:30-17:00','U154278949320644493','碧海四','U154278962301569613','蒋杰',10,0,0,0,0,'NORMAL','2018-12-03 09:31:30',NULL,NULL),('2014981822765','U154331632522246735','蒋杰星期天5','2018-12-09','18:30-20:00','U154278946335725256','碧海一','U154278962301569613','蒋杰',13,0,0,0,0,'NORMAL','2018-12-03 09:31:31',NULL,NULL),('2015049944131','U154331636768098806','叶开良星期三5','2018-12-05','18:30-20:00','U154278948205280404','碧海三','U154278963512684555','叶开良',9,0,0,0,0,'NORMAL','2018-12-03 09:31:31',NULL,NULL),('2015100367781','U154331639561708991','叶开良星期六2','2018-12-08','9:00-10:30','U154278949320644493','碧海四','U154278963512684555','叶开良',4,0,0,0,0,'NORMAL','2018-12-03 09:31:31',NULL,NULL),('2015143886184','U154331641512144419','叶开良星期六5','2018-12-08','18:30-20:00','U154278949320644493','碧海四','U154278963512684555','叶开良',12,0,0,0,0,'NORMAL','2018-12-03 09:31:31',NULL,NULL),('2015228422345','U154331645150689904','张国忠星期一4','2018-12-03','15:30-17:00','U154278952002996339','城建','U154278965230025110','张国忠',0,0,0,0,0,'NORMAL_END','2018-12-03 09:31:31',NULL,NULL),('2015235664095','U154331648087753947','张国忠星期二5','2018-12-04','18:30-20:00','U154278949320644493','碧海四','U154278965230025110','张国忠',10,3,5,2,0,'NORMAL_END','2018-12-03 09:31:31','2018-12-05 14:40:41',NULL),('2015300637945','U154331651105088220','张国忠星期二4','2018-12-04','15:30-17:00','U154278952002996339','城建','U154278965230025110','张国忠',0,0,0,0,0,'NORMAL','2018-12-03 09:31:31',NULL,NULL),('2015315552892','U154331654629338228','张国忠星期三5','2018-12-05','18:30-20:00','U154278950797478300','沈家门','U154278965230025110','张国忠',6,0,0,0,0,'NORMAL','2018-12-03 09:31:31',NULL,NULL),('2015365171035','U154331661348038476','张国忠星期三4','2018-12-05','15:30-17:00','U154278952002996339','城建','U154278965230025110','张国忠',0,0,0,0,0,'NORMAL','2018-12-03 09:31:31',NULL,NULL),('2015376694200','U154331663642200391','张国忠星期五5','2018-12-07','18:30-20:00','U154278949320644493','碧海四','U154278965230025110','张国忠',11,0,0,0,0,'NORMAL','2018-12-03 09:31:31',NULL,NULL),('2015452806940','U154331668060749703','张国忠星期六2','2018-12-08','9:00-10:30','U154278948205280404','碧海三','U154278965230025110','张国忠',12,0,0,0,0,'NORMAL','2018-12-03 09:31:31',NULL,NULL),('2015560979515','U154331674313825100','张国忠星期六5','2018-12-08','18:30-20:00','U154278950797478300','沈家门','U154278965230025110','张国忠',9,0,0,0,0,'NORMAL','2018-12-03 09:31:31',NULL,NULL),('2015609713133','U154331675928846382','张国忠星期天2','2018-12-09','9:00-10:30','U154278950797478300','沈家门','U154278965230025110','张国忠',8,0,0,0,0,'NORMAL','2018-12-03 09:31:31',NULL,NULL),('2015660372936','U154331677571378638','张国忠星期天5','2018-12-09','18:30-20:00','U154278949320644493','碧海四','U154278965230025110','张国忠',11,0,0,0,0,'NORMAL','2018-12-03 09:31:31',NULL,NULL);

/*Table structure for table `tg_study_course_student_record` */

DROP TABLE IF EXISTS `tg_study_course_student_record`;

CREATE TABLE `tg_study_course_student_record` (
  `id` varchar(64) NOT NULL,
  `course_record_id` varchar(64) DEFAULT NULL,
  `course_id` varchar(64) DEFAULT NULL,
  `student_id` varchar(64) DEFAULT NULL,
  `student_name` varchar(64) DEFAULT NULL,
  `status` varchar(32) DEFAULT NULL,
  `create_time` datetime DEFAULT NULL,
  `update_time` datetime DEFAULT NULL,
  `description` varchar(128) DEFAULT NULL,
  PRIMARY KEY (`id`)
) ENGINE=InnoDB DEFAULT CHARSET=utf8;

/*Data for the table `tg_study_course_student_record` */

insert  into `tg_study_course_student_record`(`id`,`course_record_id`,`course_id`,`student_id`,`student_name`,`status`,`create_time`,`update_time`,`description`) values ('2012711255373','2012645214625','U154285565174266606','U154297612916408356','戎柏臻','SIGNED','2018-12-03 09:31:28','2018-12-05 14:35:58',''),('2012718847148','2012645214625','U154285565174266606','U154297612912422085','张真豪','SIGNED','2018-12-03 09:31:28','2018-12-05 14:35:58',''),('2012726764310','2012645214625','U154285565174266606','U154297612913377745','刘炎松','SIGNED','2018-12-03 09:31:28','2018-12-05 14:35:58',''),('2012733599552','2012645214625','U154285565174266606','U154297612914875144','刘津源','SIGNED','2018-12-03 09:31:28','2018-12-05 14:35:58',''),('2012739379312','2012645214625','U154285565174266606','U154297612915510282','泮政宇','SIGNED','2018-12-03 09:31:28','2018-12-05 14:35:58',''),('2012744812051','2012645214625','U154285565174266606','U154297612936924260','杜铭杰','SIGNED','2018-12-03 09:31:28','2018-12-05 14:35:58',''),('2012751936626','2012645214625','U154285565174266606','U154297612925675048','刘子立','SIGNED','2018-12-03 09:31:28','2018-12-05 14:35:58',''),('2012759134811','2012645214625','U154285565174266606','U154297612923317346','方柏昊','SIGNED','2018-12-03 09:31:28','2018-12-05 14:35:58',''),('2012774107144','2012645214625','U154285565174266606','U154297612926634179','虞轶涵','SIGNED','2018-12-03 09:31:28','2018-12-05 14:35:58',''),('2012779663670','2012645214625','U154285565174266606','U154297612924509197','施博觉','SIGNED','2018-12-03 09:31:28','2018-12-05 14:35:58',''),('2012785084692','2012645214625','U154285565174266606','U154297612945589084','竺帅辰','SIGNED','2018-12-03 09:31:28','2018-12-05 14:35:58',''),('2012816761754','2012796065244','U154285648373308696','U154297612754647454','翁晨越','NORMAL','2018-12-03 09:31:28',NULL,NULL),('2012830918965','2012796065244','U154285648373308696','U154297612944051940','施童捷','NORMAL','2018-12-03 09:31:28',NULL,NULL),('2012839988354','2012796065244','U154285648373308696','U154297612940933555','朱雨墨','NORMAL','2018-12-03 09:31:28',NULL,NULL),('2012845655145','2012796065244','U154285648373308696','U154297612943371635','吴谦睿','NORMAL','2018-12-03 09:31:28',NULL,NULL),('2012852681773','2012796065244','U154285648373308696','U154297612941878232','江晨烁','NORMAL','2018-12-03 09:31:28',NULL,NULL),('2012862926222','2012796065244','U154285648373308696','U154297612942524616','林尚轩','NORMAL','2018-12-03 09:31:28',NULL,NULL),('2012869228164','2012796065244','U154285648373308696','U154297612947095478','杜少璞','NORMAL','2018-12-03 09:31:28',NULL,NULL),('2012878976871','2012796065244','U154285648373308696','U154297612944899324','方彦栋','NORMAL','2018-12-03 09:31:28',NULL,NULL),('2012885113866','2012796065244','U154285648373308696','U154297612946213793','吴陈熙','NORMAL','2018-12-03 09:31:28',NULL,NULL),('2012919379306','2012900724054','U154285651121458136','U154297612920533864','陈奕天','NORMAL','2018-12-03 09:31:29',NULL,NULL),('2012928190908','2012900724054','U154285651121458136','U154297612917466735','虞铮楠','NORMAL','2018-12-03 09:31:29','2018-12-03 17:40:41','null 完成补课,修改为签到状态; 完成补课,修改为签到状态;'),('2012933890448','2012900724054','U154285651121458136','U154297612914099932','王羿皓','NORMAL','2018-12-03 09:31:29',NULL,NULL),('2012941461191','2012900724054','U154285651121458136','U154297612927642713','丁韦涵','NORMAL','2018-12-03 09:31:29',NULL,NULL),('2012947175452','2012900724054','U154285651121458136','U154297612950955907','林宸豪','NORMAL','2018-12-03 09:31:29',NULL,NULL),('2012954024214','2012900724054','U154285651121458136','U154297612951869941','马语蔚','NORMAL','2018-12-03 09:31:29',NULL,NULL),('2012973681166','2012900724054','U154285651121458136','U154297612948583512','王俊寓','NORMAL','2018-12-03 09:31:29','2018-12-03 17:40:41','null 完成补课,修改为签到状态; 完成补课,修改为签到状态;'),('2012986267324','2012900724054','U154285651121458136','U154297612949397565','徐铭浩','NORMAL','2018-12-03 09:31:29',NULL,NULL),('2012994216634','2012900724054','U154285651121458136','U154297612950156685','徐浩杰','NORMAL','2018-12-03 09:31:29',NULL,NULL),('2013001662691','2012900724054','U154285651121458136','U154297612939250796','徐一然','NORMAL','2018-12-03 09:31:29',NULL,NULL),('2013012566027','2012900724054','U154285651121458136','U154297612822637630','孙译辰','NORMAL','2018-12-03 09:31:29',NULL,NULL),('2013025053637','2012900724054','U154285651121458136','U154297612823611392','李承桦','NORMAL','2018-12-03 09:31:29',NULL,NULL),('2013050801315','2013039951459','U154285654102487561','U154297612806756379','刘骐恺','NORMAL','2018-12-03 09:31:29',NULL,NULL),('2013059555231','2013039951459','U154285654102487561','U154297612797451167','李柏霖','NORMAL','2018-12-03 09:31:29',NULL,NULL),('2013064969043','2013039951459','U154285654102487561','U154297612805592752','陈泓睿','NORMAL','2018-12-03 09:31:29',NULL,NULL),('2013070021413','2013039951459','U154285654102487561','U154297612799865762','陈衍桦','NORMAL','2018-12-03 09:31:29',NULL,NULL),('2013080938269','2013039951459','U154285654102487561','U154297612801524787','张沐晨','NORMAL','2018-12-03 09:31:29',NULL,NULL),('2013086820483','2013039951459','U154285654102487561','U154297612802385449','缪卓谕','NORMAL','2018-12-03 09:31:29',NULL,NULL),('2013095211154','2013039951459','U154285654102487561','U154297612803154209','彭煜轩','NORMAL','2018-12-03 09:31:29',NULL,NULL),('2013100497275','2013039951459','U154285654102487561','U154297612803821260','徐启然','NORMAL','2018-12-03 09:31:29',NULL,NULL),('2013110513081','2013039951459','U154285654102487561','U154297612800699489','方颢霖','NORMAL','2018-12-03 09:31:29',NULL,NULL),('2013116112871','2013039951459','U154285654102487561','U154297612807552844','王思然','NORMAL','2018-12-03 09:31:29',NULL,NULL),('2013126189369','2013039951459','U154285654102487561','U154297612819712067','许淇皓','NORMAL','2018-12-03 09:31:29',NULL,NULL),('2013134180442','2013039951459','U154285654102487561','U154297612821149842','柳彦朵','NORMAL','2018-12-03 09:31:29',NULL,NULL),('2013172787387','2013162651701','U154285667675426054','U154297612917466735','虞铮楠','NORMAL','2018-12-03 09:31:29',NULL,NULL),('2013178433446','2013162651701','U154285667675426054','U154297612929697524','刘芮汐','NORMAL','2018-12-03 09:31:29',NULL,NULL),('2013182758126','2013162651701','U154285667675426054','U154297612930573927','吴冠辰','NORMAL','2018-12-03 09:31:29',NULL,NULL),('2013189490012','2013162651701','U154285667675426054','U154297612936257141','张淳皓','NORMAL','2018-12-03 09:31:29',NULL,NULL),('2013196455949','2013162651701','U154285667675426054','U154297612754647454','翁晨越','NORMAL','2018-12-03 09:31:29',NULL,NULL),('2013201198555','2013162651701','U154285667675426054','U154297612944051940','施童捷','NORMAL','2018-12-03 09:31:29',NULL,NULL),('2013211209254','2013162651701','U154285667675426054','U154297612940933555','朱雨墨','NORMAL','2018-12-03 09:31:29',NULL,NULL),('2013217169885','2013162651701','U154285667675426054','U154297612943371635','吴谦睿','NORMAL','2018-12-03 09:31:29',NULL,NULL),('2013225734518','2013162651701','U154285667675426054','U154297612941878232','江晨烁','NORMAL','2018-12-03 09:31:29',NULL,NULL),('2013258878677','2013162651701','U154285667675426054','U154297612942524616','林尚轩','NORMAL','2018-12-03 09:31:29',NULL,NULL),('2013284556951','2013267187627','U154285668918106780','U154297612925675048','刘子立','NORMAL','2018-12-03 09:31:29',NULL,NULL),('2013293770856','2013267187627','U154285668918106780','U154297612923317346','方柏昊','NORMAL','2018-12-03 09:31:29',NULL,NULL),('2013317232108','2013267187627','U154285668918106780','U154297612920533864','陈奕天','NORMAL','2018-12-03 09:31:29',NULL,NULL),('2013329715212','2013267187627','U154285668918106780','U154297612921416024','王瑞泽','NORMAL','2018-12-03 09:31:29',NULL,NULL),('2013341426158','2013267187627','U154285668918106780','U154297612932474369','周煜皓','NORMAL','2018-12-03 09:31:29',NULL,NULL),('2013349028449','2013267187627','U154285668918106780','U154297612918424818','何政磊','NORMAL','2018-12-03 09:31:29',NULL,NULL),('2013373580936','2013361593575','U154285669967069011','U154297612926634179','虞轶涵','NORMAL','2018-12-03 09:31:29',NULL,NULL),('2013381138159','2013361593575','U154285669967069011','U154297612924509197','施博觉','NORMAL','2018-12-03 09:31:29',NULL,NULL),('2013392304089','2013361593575','U154285669967069011','U154297612945589084','竺帅辰','NORMAL','2018-12-03 09:31:29',NULL,NULL),('2013399226761','2013361593575','U154285669967069011','U154297612944899324','方彦栋','NORMAL','2018-12-03 09:31:29',NULL,NULL),('2013410663997','2013361593575','U154285669967069011','U154297612946213793','吴陈熙','NORMAL','2018-12-03 09:31:29',NULL,NULL),('2013417254071','2013361593575','U154285669967069011','U154297612935407598','牟咨臻','NORMAL','2018-12-03 09:31:29',NULL,NULL),('2013427096518','2013361593575','U154285669967069011','U154297612934706634','沈柏宇','NORMAL','2018-12-03 09:31:29',NULL,NULL),('2013444682768','2013361593575','U154285669967069011','U154297612934099434','杨雯喧','NORMAL','2018-12-03 09:31:29',NULL,NULL),('2013454543242','2013361593575','U154285669967069011','U154297612940156690','叶祖延','NORMAL','2018-12-03 09:31:29',NULL,NULL),('2013476841151','2013466096752','U154285671686326617','U154297612922283726','冯子渝','NORMAL','2018-12-03 09:31:29',NULL,NULL),('2013483270784','2013466096752','U154285671686326617','U154297612952766687','黄宣瑜','NORMAL','2018-12-03 09:31:29',NULL,NULL),('2013493753490','2013466096752','U154285671686326617','U154297612928887309','沈彥佐','NORMAL','2018-12-03 09:31:29',NULL,NULL),('2013500760589','2013466096752','U154285671686326617','U154297612787989534','包烜豪','NORMAL','2018-12-03 09:31:29',NULL,NULL),('2013513211244','2013466096752','U154285671686326617','U154297612787075664','蒋泽宇','NORMAL','2018-12-03 09:31:29',NULL,NULL),('2013525008720','2013466096752','U154285671686326617','U154297612782157325','马誉宸','NORMAL','2018-12-03 09:31:29',NULL,NULL),('2013534153522','2013466096752','U154285671686326617','U154297612783189848','邵润觉','NORMAL','2018-12-03 09:31:29',NULL,NULL),('2013543751703','2013466096752','U154285671686326617','U154297612783839872','胡闵皓','NORMAL','2018-12-03 09:31:29',NULL,NULL),('2013550189749','2013466096752','U154285671686326617','U154297612784622641','徐嘉豪','NORMAL','2018-12-03 09:31:29',NULL,NULL),('2013568220364','2013559531946','U154285673148545401','U154297612823611392','李承桦','NORMAL','2018-12-03 09:31:29',NULL,NULL),('2013577251896','2013559531946','U154285673148545401','U154297612796702445','虞健仰','NORMAL','2018-12-03 09:31:29',NULL,NULL),('2013582590895','2013559531946','U154285673148545401','U154297612793606065','严晨慧','NORMAL','2018-12-03 09:31:29',NULL,NULL),('2013588824335','2013559531946','U154285673148545401','U154297612792559183','余嘉硕','NORMAL','2018-12-03 09:31:29',NULL,NULL),('2013595277704','2013559531946','U154285673148545401','U154297612789515003','颜琳烨','NORMAL','2018-12-03 09:31:29',NULL,NULL),('2013600465277','2013559531946','U154285673148545401','U154297612790565230','李谨旭','NORMAL','2018-12-03 09:31:29',NULL,NULL),('2013609063860','2013559531946','U154285673148545401','U154297612791448277','张力匀','NORMAL','2018-12-03 09:31:29',NULL,NULL),('2013614195248','2013559531946','U154285673148545401','U154297612794500539','孙博艺','NORMAL','2018-12-03 09:31:29',NULL,NULL),('2013619068850','2013559531946','U154285673148545401','U154297612795348477','孔彦淇','NORMAL','2018-12-03 09:31:29',NULL,NULL),('2013624525326','2013559531946','U154285673148545401','U154297612796093668','刘辰昕','NORMAL','2018-12-03 09:31:29',NULL,NULL),('2013629500180','2013559531946','U154285673148545401','U154297612798184937','翁浩瀚','NORMAL','2018-12-03 09:31:29',NULL,NULL),('2013634747542','2013559531946','U154285673148545401','U154297612788753381','张宸豪','NORMAL','2018-12-03 09:31:29',NULL,NULL),('2013642343523','2013559531946','U154285673148545401','U154297612804791869','王  政','NORMAL','2018-12-03 09:31:29',NULL,NULL),('2013666480187','2013652740300','U154285674483362792','U154297612947095478','杜少璞','NORMAL','2018-12-03 09:31:29',NULL,NULL),('2013675426992','2013652740300','U154285674483362792','U154297612797451167','李柏霖','NORMAL','2018-12-03 09:31:29',NULL,NULL),('2013682755272','2013652740300','U154285674483362792','U154297612799865762','陈衍桦','NORMAL','2018-12-03 09:31:29',NULL,NULL),('2013693571177','2013652740300','U154285674483362792','U154297612801524787','张沐晨','NORMAL','2018-12-03 09:31:29',NULL,NULL),('2013701763852','2013652740300','U154285674483362792','U154297612802385449','缪卓谕','NORMAL','2018-12-03 09:31:29',NULL,NULL),('2013717831326','2013652740300','U154285674483362792','U154297612803154209','彭煜轩','NORMAL','2018-12-03 09:31:29',NULL,NULL),('2013730497103','2013652740300','U154285674483362792','U154297612803821260','徐启然','NORMAL','2018-12-03 09:31:29',NULL,NULL),('2013742035892','2013652740300','U154285674483362792','U154297612800699489','方颢霖','NORMAL','2018-12-03 09:31:29',NULL,NULL),('2013747943043','2013652740300','U154285674483362792','U154297612807552844','王思然','NORMAL','2018-12-03 09:31:29',NULL,NULL),('2013752821452','2013652740300','U154285674483362792','U154297612819712067','许淇皓','NORMAL','2018-12-03 09:31:29',NULL,NULL),('2013759772066','2013652740300','U154285674483362792','U154297612821149842','柳彦朵','NORMAL','2018-12-03 09:31:29',NULL,NULL),('2013764765548','2013652740300','U154285674483362792','U154297612805592752','陈泓睿','NORMAL','2018-12-03 09:31:29',NULL,NULL),('2013769845559','2013652740300','U154285674483362792','U154297612786334162','黄子洋','NORMAL','2018-12-03 09:31:29',NULL,NULL),('2013784756300','2013777717954','U154285853614541899','U154297612834211904','胡智勋','SIGNED','2018-12-03 09:31:29','2018-12-05 14:36:12',''),('2013793384027','2013777717954','U154285853614541899','U154297612828992821','小李雨泽','SIGNED','2018-12-03 09:31:29','2018-12-05 14:36:12',''),('2013798595335','2013777717954','U154285853614541899','U154297612827920010','陈希骏','SIGNED','2018-12-03 09:31:29','2018-12-05 14:36:12',''),('2013805460621','2013777717954','U154285853614541899','U154297612833158322','李奕涵','SIGNED','2018-12-03 09:31:29','2018-12-05 14:36:12',''),('2013812004726','2013777717954','U154285853614541899','U154297612826964744','蒋易睿','SIGNED','2018-12-03 09:31:29','2018-12-05 14:36:12',''),('2013816764458','2013777717954','U154285853614541899','U154297612826036586','陆柏男','SIGNED','2018-12-03 09:31:29','2018-12-05 14:36:12',''),('2013823104557','2013777717954','U154285853614541899','U154297612825156705','胡潇楠','SIGNED','2018-12-03 09:31:29','2018-12-05 14:36:12',''),('2013827324380','2013777717954','U154285853614541899','U154297612869368567','蒋林璇','SIGNED','2018-12-03 09:31:29','2018-12-05 14:36:12',''),('2013841540480','2013833330679','U154286250823733462','U154297612887216218','朱芷萱','NORMAL','2018-12-03 09:31:29',NULL,NULL),('2013847582232','2013833330679','U154286250823733462','U154297612886151108','施兴海','NORMAL','2018-12-03 09:31:29',NULL,NULL),('2013852342264','2013833330679','U154286250823733462','U154297612885190350','胡轩豪','NORMAL','2018-12-03 09:31:29',NULL,NULL),('2013858586219','2013833330679','U154286250823733462','U154297612884246493','刘珈妤','NORMAL','2018-12-03 09:31:29',NULL,NULL),('2013862829777','2013833330679','U154286250823733462','U154297612874728642','金若言','NORMAL','2018-12-03 09:31:29',NULL,NULL),('2013874769667','2013833330679','U154286250823733462','U154297612873962204','刘俊彦','NORMAL','2018-12-03 09:31:29',NULL,NULL),('2013880099352','2013833330679','U154286250823733462','U154297612875517530','孙悦翔','NORMAL','2018-12-03 09:31:29',NULL,NULL),('2013884179165','2013833330679','U154286250823733462','U154297612877442659','周羿辰','NORMAL','2018-12-03 09:31:29',NULL,NULL),('2013892668084','2013833330679','U154286250823733462','U154297612878236871','杨承谕','NORMAL','2018-12-03 09:31:29',NULL,NULL),('2013897270380','2013833330679','U154286250823733462','U154297612879148919','傅韬谕','NORMAL','2018-12-03 09:31:29',NULL,NULL),('2013903687094','2013833330679','U154286250823733462','U154297612880160461','俞博涵','NORMAL','2018-12-03 09:31:29',NULL,NULL),('2013911831096','2013833330679','U154286250823733462','U154297612881025629','王林禄','NORMAL','2018-12-03 09:31:29',NULL,NULL),('2013917399038','2013833330679','U154286250823733462','U154297612882222391','丁宇菲','NORMAL','2018-12-03 09:31:29',NULL,NULL),('2013925097773','2013833330679','U154286250823733462','U154297612883308498','丁宇航','NORMAL','2018-12-03 09:31:30',NULL,NULL),('2013942462291','2013931952244','U154286253275412196','U154297612911608433','倪彬哲','NORMAL','2018-12-03 09:31:30',NULL,NULL),('2013947362032','2013931952244','U154286253275412196','U154297612909446490','施翔耀','NORMAL','2018-12-03 09:31:30',NULL,NULL),('2013951900632','2013931952244','U154286253275412196','U154297612966971030','黄禹哲','NORMAL','2018-12-03 09:31:30',NULL,NULL),('2013957133873','2013931952244','U154286253275412196','U154297612856206437','刘政男','NORMAL','2018-12-03 09:31:30',NULL,NULL),('2013961440826','2013931952244','U154286253275412196','U154297612910858831','李奕娴','NORMAL','2018-12-03 09:31:30',NULL,NULL),('2013965715030','2013931952244','U154286253275412196','U154297612855014458','庄天乐','NORMAL','2018-12-03 09:31:30',NULL,NULL),('2013985906183','2013975936645','U154321450082528297','U154297612843722051','刘焘毓','NORMAL','2018-12-03 09:31:30',NULL,NULL),('2013991595207','2013975936645','U154321450082528297','U154297612905536900','李柏璋','NORMAL','2018-12-03 09:31:30',NULL,NULL),('2013995814729','2013975936645','U154321450082528297','U154297612898798194','余佳润','NORMAL','2018-12-03 09:31:30',NULL,NULL),('2013999819729','2013975936645','U154321450082528297','U154297612897786149','汪展拓','NORMAL','2018-12-03 09:31:30',NULL,NULL),('2014007166036','2013975936645','U154321450082528297','U154297612903692999','郑鉴原','NORMAL','2018-12-03 09:31:30',NULL,NULL),('2014013052456','2013975936645','U154321450082528297','U154297612901622996','娄峻帆','NORMAL','2018-12-03 09:31:30',NULL,NULL),('2014017054452','2013975936645','U154321450082528297','U154297612900522764','王舸瑜','NORMAL','2018-12-03 09:31:30',NULL,NULL),('2014021775726','2013975936645','U154321450082528297','U154297612910065211','陆沾锦','NORMAL','2018-12-03 09:31:30',NULL,NULL),('2014025991943','2013975936645','U154321450082528297','U154297612906505385','郑文哲','NORMAL','2018-12-03 09:31:30',NULL,NULL),('2014031113717','2013975936645','U154321450082528297','U154297612868338643','徐晨皓','NORMAL','2018-12-03 09:31:30',NULL,NULL),('2014035727129','2013975936645','U154321450082528297','U154297612853903749','魏子谦','NORMAL','2018-12-03 09:31:30',NULL,NULL),('2014041157766','2013975936645','U154321450082528297','U154297612911608433','倪彬哲','NORMAL','2018-12-03 09:31:30',NULL,NULL),('2014046017848','2013975936645','U154321450082528297','U154297612909446490','施翔耀','NORMAL','2018-12-03 09:31:30',NULL,NULL),('2014051055496','2013975936645','U154321450082528297','U154297612966971030','黄禹哲','NORMAL','2018-12-03 09:31:30',NULL,NULL),('2014071003284','2014062360234','U154321453228793165','U154297612967796172','余昊泽','NORMAL','2018-12-03 09:31:30',NULL,NULL),('2014077659457','2014062360234','U154321453228793165','U154297612894764275','胡真闻','NORMAL','2018-12-03 09:31:30',NULL,NULL),('2014082551687','2014062360234','U154321453228793165','U154297612895806430','许博淳','NORMAL','2018-12-03 09:31:30',NULL,NULL),('2014091613564','2014062360234','U154321453228793165','U154297612829986951','洪睿阳','NORMAL','2018-12-03 09:31:30',NULL,NULL),('2014097297781','2014062360234','U154321453228793165','U154297612872320241','戴子尧','NORMAL','2018-12-03 09:31:30',NULL,NULL),('2014102859113','2014062360234','U154321453228793165','U154297612850824973','方彬鉴','NORMAL','2018-12-03 09:31:30',NULL,NULL),('2014113038665','2014062360234','U154321453228793165','U154297612890382946','张哲瀚','NORMAL','2018-12-03 09:31:30',NULL,NULL),('2014123960930','2014062360234','U154321453228793165','U154297612889368756','沈子皓','NORMAL','2018-12-03 09:31:30',NULL,NULL),('2014132784851','2014062360234','U154321453228793165','U154297612888285256','周庄挺','NORMAL','2018-12-03 09:31:30',NULL,NULL),('2014144969908','2014062360234','U154321453228793165','U154297612844786716','丁乐捷','NORMAL','2018-12-03 09:31:30',NULL,NULL),('2014156815156','2014062360234','U154321453228793165','U154297612871230443','大李雨泽','NORMAL','2018-12-03 09:31:30',NULL,NULL),('2014165503574','2014062360234','U154321453228793165','U154297612870339906','童禹豪','NORMAL','2018-12-03 09:31:30',NULL,NULL),('2014182804996','2014173885232','U154331583849973057','U154297612841551220','周彦江','NORMAL','2018-12-03 09:31:30',NULL,NULL),('2014190217703','2014173885232','U154331583849973057','U154297612826036586','陆柏男','NORMAL','2018-12-03 09:31:30',NULL,NULL),('2014197156900','2014173885232','U154331583849973057','U154297612825156705','胡潇楠','NORMAL','2018-12-03 09:31:30',NULL,NULL),('2014201645625','2014173885232','U154331583849973057','U154297612840428598','叶子煜','NORMAL','2018-12-03 09:31:30',NULL,NULL),('2014209919722','2014173885232','U154331583849973057','U154297612824340731','李政翰','NORMAL','2018-12-03 09:31:30',NULL,NULL),('2014230138516','2014173885232','U154331583849973057','U154297612839420435','沈子洋','NORMAL','2018-12-03 09:31:30',NULL,NULL),('2014240513661','2014173885232','U154331583849973057','U154297612891121829','陈沛泽','NORMAL','2018-12-03 09:31:30',NULL,NULL),('2014247253660','2014173885232','U154331583849973057','U154297612866243414','贺铭依','NORMAL','2018-12-03 09:31:30',NULL,NULL),('2014253436924','2014173885232','U154331583849973057','U154297612893515499','倪睿婕','NORMAL','2018-12-03 09:31:30',NULL,NULL),('2014262042718','2014173885232','U154331583849973057','U154297612967796172','余昊泽','NORMAL','2018-12-03 09:31:30',NULL,NULL),('2014267275358','2014173885232','U154331583849973057','U154297612894764275','胡真闻','NORMAL','2018-12-03 09:31:30',NULL,NULL),('2014283740328','2014276395823','U154331587360995171','U154297612841551220','周彦江','NORMAL','2018-12-03 09:31:30',NULL,NULL),('2014290160046','2014276395823','U154331587360995171','U154297612859311916','陈  澄','NORMAL','2018-12-03 09:31:30',NULL,NULL),('2014297333895','2014276395823','U154331587360995171','U154297612931421635','李涵宸','NORMAL','2018-12-03 09:31:30',NULL,NULL),('2014302177752','2014276395823','U154331587360995171','U154297612832165647','魏辰旭','NORMAL','2018-12-03 09:31:30',NULL,NULL),('2014316100313','2014276395823','U154331587360995171','U154297612830857488','杨骐泽','NORMAL','2018-12-03 09:31:30',NULL,NULL),('2014326632894','2014276395823','U154331587360995171','U154297612864379129','李佳臻','NORMAL','2018-12-03 09:31:30',NULL,NULL),('2014334696075','2014276395823','U154331587360995171','U154297612834211904','胡智勋','NORMAL','2018-12-03 09:31:30',NULL,NULL),('2014342264114','2014276395823','U154331587360995171','U154297612828992821','小李雨泽','NORMAL','2018-12-03 09:31:30',NULL,NULL),('2014347101662','2014276395823','U154331587360995171','U154297612827920010','陈希骏','NORMAL','2018-12-03 09:31:30',NULL,NULL),('2014352197898','2014276395823','U154331587360995171','U154297612833158322','李奕涵','NORMAL','2018-12-03 09:31:30',NULL,NULL),('2014359625627','2014276395823','U154331587360995171','U154297612895806430','许博淳','NORMAL','2018-12-03 09:31:30',NULL,NULL),('2014364059670','2014276395823','U154331587360995171','U154297612829986951','洪睿阳','NORMAL','2018-12-03 09:31:30',NULL,NULL),('2014368695316','2014276395823','U154331587360995171','U154297612872320241','戴子尧','NORMAL','2018-12-03 09:31:30',NULL,NULL),('2014381669054','2014374898410','U154331590595497372','U154297612853040062','吴昊东','NORMAL','2018-12-03 09:31:30',NULL,NULL),('2014386475956','2014374898410','U154331590595497372','U154297612867295078','王齐成','NORMAL','2018-12-03 09:31:30',NULL,NULL),('2014393188013','2014374898410','U154331590595497372','U154297612865329965','余禹翰','NORMAL','2018-12-03 09:31:30',NULL,NULL),('2014397165072','2014374898410','U154331590595497372','U154297612892436531','史祝嘉','NORMAL','2018-12-03 09:31:30',NULL,NULL),('2014401145736','2014374898410','U154331590595497372','U154297612849809006','冯茂庭','NORMAL','2018-12-03 09:31:30',NULL,NULL),('2014407236462','2014374898410','U154331590595497372','U154297612847963303','腾斌源','NORMAL','2018-12-03 09:31:30',NULL,NULL),('2014412329393','2014374898410','U154331590595497372','U154297612845747404','孙薪淯','NORMAL','2018-12-03 09:31:30',NULL,NULL),('2014417468593','2014374898410','U154331590595497372','U154297612842778511','范丰毅','NORMAL','2018-12-03 09:31:30',NULL,NULL),('2014424196273','2014374898410','U154331590595497372','U154297612851917828','周子恩','NORMAL','2018-12-03 09:31:30',NULL,NULL),('2014428645038','2014374898410','U154331590595497372','U154297612937686202','李林桓','NORMAL','2018-12-03 09:31:30',NULL,NULL),('2014433406272','2014374898410','U154331590595497372','U154297612848891192','鲍鼎维','NORMAL','2018-12-03 09:31:30',NULL,NULL),('2014439594043','2014374898410','U154331590595497372','U154297612843722051','刘焘毓','NORMAL','2018-12-03 09:31:30',NULL,NULL),('2014444765692','2014374898410','U154331590595497372','U154297612907692155','李晨灏','NORMAL','2018-12-03 09:31:30',NULL,NULL),('2014451374394','2014374898410','U154331590595497372','U154297612779618657','刘梓源','NORMAL','2018-12-03 09:31:30',NULL,NULL),('2014464199409','2014458286250','U154331609637265652','U154297612853040062','吴昊东','NORMAL','2018-12-03 09:31:30',NULL,NULL),('2014478632434','2014458286250','U154331609637265652','U154297612871230443','大李雨泽','NORMAL','2018-12-03 09:31:30',NULL,NULL),('2014482865777','2014458286250','U154331609637265652','U154297612869368567','蒋林璇','NORMAL','2018-12-03 09:31:30',NULL,NULL),('2014489909231','2014458286250','U154331609637265652','U154297612867295078','王齐成','NORMAL','2018-12-03 09:31:30',NULL,NULL),('2014496438313','2014458286250','U154331609637265652','U154297612907692155','李晨灏','NORMAL','2018-12-03 09:31:30',NULL,NULL),('2014500516323','2014458286250','U154331609637265652','U154297612858454653','陈芊含','NORMAL','2018-12-03 09:31:30',NULL,NULL),('2014511902783','2014458286250','U154331609637265652','U154297612857490824','潘冠翰','NORMAL','2018-12-03 09:31:30',NULL,NULL),('2014520367065','2014458286250','U154331609637265652','U154297612904682772','陈玫羽','NORMAL','2018-12-03 09:31:30',NULL,NULL),('2014529123986','2014458286250','U154331609637265652','U154297612896969963','林  诚','NORMAL','2018-12-03 09:31:30',NULL,NULL),('2014535275403','2014458286250','U154331609637265652','U154297612861360828','庄浚朗','NORMAL','2018-12-03 09:31:30',NULL,NULL),('2014541269684','2014458286250','U154331609637265652','U154297612870339906','童禹豪','NORMAL','2018-12-03 09:31:30',NULL,NULL),('2014559404856','2014548515040','U154331611632321652','U154297612826964744','蒋易睿','NORMAL','2018-12-03 09:31:30',NULL,NULL),('2014566265034','2014548515040','U154331611632321652','U154297612862408274','刘绍涵','NORMAL','2018-12-03 09:31:30',NULL,NULL),('2014574247695','2014548515040','U154331611632321652','U154297612876577095','谢松廷','NORMAL','2018-12-03 09:31:30',NULL,NULL),('2014579731511','2014548515040','U154331611632321652','U154297612863471509','黄于哲','NORMAL','2018-12-03 09:31:30',NULL,NULL),('2014584812424','2014548515040','U154331611632321652','U154297612887216218','朱芷萱','NORMAL','2018-12-03 09:31:30',NULL,NULL),('2014589932095','2014548515040','U154331611632321652','U154297612886151108','施兴海','NORMAL','2018-12-03 09:31:30',NULL,NULL),('2014594876904','2014548515040','U154331611632321652','U154297612885190350','胡轩豪','NORMAL','2018-12-03 09:31:30',NULL,NULL),('2014600825817','2014548515040','U154331611632321652','U154297612884246493','刘珈妤','NORMAL','2018-12-03 09:31:30',NULL,NULL),('2014606302122','2014548515040','U154331611632321652','U154297612874728642','金若言','NORMAL','2018-12-03 09:31:30',NULL,NULL),('2014612786437','2014548515040','U154331611632321652','U154297612873962204','刘俊彦','NORMAL','2018-12-03 09:31:30',NULL,NULL),('2014619452525','2014548515040','U154331611632321652','U154297612875517530','孙悦翔','NORMAL','2018-12-03 09:31:30',NULL,NULL),('2014624121220','2014548515040','U154331611632321652','U154297612877442659','周羿辰','NORMAL','2018-12-03 09:31:30',NULL,NULL),('2014628245500','2014548515040','U154331611632321652','U154297612878236871','杨承谕','NORMAL','2018-12-03 09:31:30',NULL,NULL),('2014632434376','2014548515040','U154331611632321652','U154297612879148919','傅韬谕','NORMAL','2018-12-03 09:31:30',NULL,NULL),('2014636821249','2014548515040','U154331611632321652','U154297612880160461','俞博涵','NORMAL','2018-12-03 09:31:30',NULL,NULL),('2014641111677','2014548515040','U154331611632321652','U154297612881025629','王林禄','NORMAL','2018-12-03 09:31:30',NULL,NULL),('2014645157839','2014548515040','U154331611632321652','U154297612882222391','丁宇菲','NORMAL','2018-12-03 09:31:30',NULL,NULL),('2014649178764','2014548515040','U154331611632321652','U154297612883308498','丁宇航','NORMAL','2018-12-03 09:31:30',NULL,NULL),('2014664537176','2014656930378','U154331618506003732','U154297612704860994','朱奕臻','PERSONAL_LEAVE','2018-12-03 09:31:30','2018-12-05 14:39:47',NULL),('2014670306420','2014656930378','U154331618506003732','U154297612765390497','张译涵','PLAY_TRUANT','2018-12-03 09:31:30','2018-12-05 14:39:48',NULL),('2014676903103','2014656930378','U154331618506003732','U154297612705699032','陆妍心','PERSONAL_LEAVE','2018-12-03 09:31:30','2018-12-05 14:39:49',NULL),('2014681204048','2014656930378','U154331618506003732','U154297612703926668','陈昱帆','PERSONAL_LEAVE','2018-12-03 09:31:30','2018-12-05 14:39:51',NULL),('2014685796428','2014656930378','U154331618506003732','U154297612703173126','宁振皓','SIGNED','2018-12-03 09:31:30','2018-12-05 14:39:52',NULL),('2014695235972','2014656930378','U154331618506003732','U154297612706828267','李京晓','PERSONAL_LEAVE','2018-12-03 09:31:30','2018-12-05 14:39:53',NULL),('2014699663105','2014656930378','U154331618506003732','U154297612708254391','吴彦诺','PLAY_TRUANT','2018-12-03 09:31:30','2018-12-05 14:39:54',NULL),('2014708634847','2014656930378','U154331618506003732','U154297612712009727','丁麒谕','SIGNED','2018-12-03 09:31:30','2018-12-05 14:39:55',NULL),('2014728786641','2014714671191','U154331622868873883','U154297612711239747','贺昱玮','NORMAL','2018-12-03 09:31:30',NULL,NULL),('2014734759890','2014714671191','U154331622868873883','U154297612716558800','翁熙哲','NORMAL','2018-12-03 09:31:30',NULL,NULL),('2014742662931','2014714671191','U154331622868873883','U154297612717256853','贝晨晰','NORMAL','2018-12-03 09:31:30',NULL,NULL),('2014748698074','2014714671191','U154331622868873883','U154297612714108904','翁子画','NORMAL','2018-12-03 09:31:30',NULL,NULL),('2014753054902','2014714671191','U154331622868873883','U154297612715772448','郑皓仁','NORMAL','2018-12-03 09:31:30',NULL,NULL),('2014762483028','2014714671191','U154331622868873883','U154297612714949247','庄子涵','NORMAL','2018-12-03 09:31:30',NULL,NULL),('2014766814618','2014714671191','U154331622868873883','U154297612718082891','杨浚溢','NORMAL','2018-12-03 09:31:30',NULL,NULL),('2014774239643','2014714671191','U154331622868873883','U154297612718818038','张宸硕','NORMAL','2018-12-03 09:31:30',NULL,NULL),('2014779773334','2014714671191','U154331622868873883','U154297612719656688','盛张睿','NORMAL','2018-12-03 09:31:30',NULL,NULL),('2014783735671','2014714671191','U154331622868873883','U154297612720431479','李雨轩','NORMAL','2018-12-03 09:31:30',NULL,NULL),('2014799988222','2014793747571','U154331625094150043','U154297612708254391','吴彦诺','NORMAL','2018-12-03 09:31:30',NULL,NULL),('2014808815748','2014793747571','U154331625094150043','U154297612720431479','李雨轩','NORMAL','2018-12-03 09:31:30',NULL,NULL),('2014813208630','2014793747571','U154331625094150043','U154297612727084505','韩宗博','NORMAL','2018-12-03 09:31:30',NULL,NULL),('2014817186290','2014793747571','U154331625094150043','U154297612723232792','屠骁腾','NORMAL','2018-12-03 09:31:30',NULL,NULL),('2014823536905','2014793747571','U154331625094150043','U154297612721291691','李函臻','NORMAL','2018-12-03 09:31:30',NULL,NULL),('2014827880513','2014793747571','U154331625094150043','U154297612722275907','乐禹含','NORMAL','2018-12-03 09:31:30',NULL,NULL),('2014832250260','2014793747571','U154331625094150043','U154297612724855046','袁佳玮','NORMAL','2018-12-03 09:31:30',NULL,NULL),('2014836513648','2014793747571','U154331625094150043','U154297612726043247','孙颢淳','NORMAL','2018-12-03 09:31:30',NULL,NULL),('2014840839529','2014793747571','U154331625094150043','U154297612728989508','孙浩航','NORMAL','2018-12-03 09:31:30',NULL,NULL),('2014845367013','2014793747571','U154331625094150043','U154297612730104835','王麒皓','NORMAL','2018-12-03 09:31:30',NULL,NULL),('2014850039914','2014793747571','U154331625094150043','U154297612731219610','陈乙霆','NORMAL','2018-12-03 09:31:30',NULL,NULL),('2014855011463','2014793747571','U154331625094150043','U154297612732467828','王博然','NORMAL','2018-12-03 09:31:30',NULL,NULL),('2014869330918','2014860892775','U154331626987808688','U154297612705699032','陆妍心','NORMAL','2018-12-03 09:31:30',NULL,NULL),('2014875286742','2014860892775','U154331626987808688','U154297612704860994','朱奕臻','NORMAL','2018-12-03 09:31:30',NULL,NULL),('2014879467205','2014860892775','U154331626987808688','U154297612703926668','陈昱帆','NORMAL','2018-12-03 09:31:30',NULL,NULL),('2014884044864','2014860892775','U154331626987808688','U154297612703173126','宁振皓','NORMAL','2018-12-03 09:31:30',NULL,NULL),('2014891517961','2014860892775','U154331626987808688','U154297612708955934','沈辰旭','NORMAL','2018-12-03 09:31:30',NULL,NULL),('2014897934975','2014860892775','U154331626987808688','U154297612727084505','韩宗博','NORMAL','2018-12-03 09:31:30',NULL,NULL),('2014901964313','2014860892775','U154331626987808688','U154297612714949247','庄子涵','NORMAL','2018-12-03 09:31:30',NULL,NULL),('2014924284755','2014914204953','U154331630992056941','U154297612716558800','翁熙哲','NORMAL','2018-12-03 09:31:31',NULL,NULL),('2014929348542','2014914204953','U154331630992056941','U154297612717256853','贝晨晰','NORMAL','2018-12-03 09:31:31',NULL,NULL),('2014934426751','2014914204953','U154331630992056941','U154297612714108904','翁子画','NORMAL','2018-12-03 09:31:31',NULL,NULL),('2014940360942','2014914204953','U154331630992056941','U154297612715772448','郑皓仁','NORMAL','2018-12-03 09:31:31',NULL,NULL),('2014944752622','2014914204953','U154331630992056941','U154297612710491593','许正洋','NORMAL','2018-12-03 09:31:31',NULL,NULL),('2014948792776','2014914204953','U154331630992056941','U154297612702219574','汪云浩','NORMAL','2018-12-03 09:31:31',NULL,NULL),('2014956854154','2014914204953','U154331630992056941','U154297612709624967','程昱甄','NORMAL','2018-12-03 09:31:31',NULL,NULL),('2014965860448','2014914204953','U154331630992056941','U154297612706828267','李京晓','NORMAL','2018-12-03 09:31:31',NULL,NULL),('2014974730638','2014914204953','U154331630992056941','U154297612712009727','丁麒谕','NORMAL','2018-12-03 09:31:31',NULL,NULL),('2014989601720','2014981822765','U154331632522246735','U154297612718082891','杨浚溢','NORMAL','2018-12-03 09:31:31',NULL,NULL),('2014994071517','2014981822765','U154331632522246735','U154297612718818038','张宸硕','NORMAL','2018-12-03 09:31:31',NULL,NULL),('2014998462596','2014981822765','U154331632522246735','U154297612719656688','盛张睿','NORMAL','2018-12-03 09:31:31',NULL,NULL),('2015007639846','2014981822765','U154331632522246735','U154297612723232792','屠骁腾','NORMAL','2018-12-03 09:31:31',NULL,NULL),('2015014000076','2014981822765','U154331632522246735','U154297612721291691','李函臻','NORMAL','2018-12-03 09:31:31',NULL,NULL),('2015018140580','2014981822765','U154331632522246735','U154297612722275907','乐禹含','NORMAL','2018-12-03 09:31:31',NULL,NULL),('2015023597656','2014981822765','U154331632522246735','U154297612724855046','袁佳玮','NORMAL','2018-12-03 09:31:31',NULL,NULL),('2015027771209','2014981822765','U154331632522246735','U154297612726043247','孙颢淳','NORMAL','2018-12-03 09:31:31',NULL,NULL),('2015032206454','2014981822765','U154331632522246735','U154297612728989508','孙浩航','NORMAL','2018-12-03 09:31:31',NULL,NULL),('2015036476152','2014981822765','U154331632522246735','U154297612730104835','王麒皓','NORMAL','2018-12-03 09:31:31',NULL,NULL),('2015040730526','2014981822765','U154331632522246735','U154297612731219610','陈乙霆','NORMAL','2018-12-03 09:31:31',NULL,NULL),('2015044766774','2014981822765','U154331632522246735','U154297612732467828','王博然','NORMAL','2018-12-03 09:31:31',NULL,NULL),('2015058599800','2015049944131','U154331636768098806','U154297612752369897','韩雨臻','NORMAL','2018-12-03 09:31:31',NULL,NULL),('2015063600793','2015049944131','U154331636768098806','U154297612738279011','谢其桓','NORMAL','2018-12-03 09:31:31',NULL,NULL),('2015067627726','2015049944131','U154331636768098806','U154297612739079382','许誉耀','NORMAL','2018-12-03 09:31:31',NULL,NULL),('2015071991164','2015049944131','U154331636768098806','U154297612745348604','虞钧涵','NORMAL','2018-12-03 09:31:31',NULL,NULL),('2015077208181','2015049944131','U154331636768098806','U154297612746449373','邵匀佐','NORMAL','2018-12-03 09:31:31',NULL,NULL),('2015082775222','2015049944131','U154331636768098806','U154297612739897181','李佳澔','NORMAL','2018-12-03 09:31:31',NULL,NULL),('2015090776209','2015049944131','U154331636768098806','U154297612740671256','林哲毅','NORMAL','2018-12-03 09:31:31',NULL,NULL),('2015095342752','2015049944131','U154331636768098806','U154297612743563426','邬知逸','NORMAL','2018-12-03 09:31:31',NULL,NULL),('2015111153040','2015100367781','U154331639561708991','U154297612733623559','程玺璇','NORMAL','2018-12-03 09:31:31',NULL,NULL),('2015115398100','2015100367781','U154331639561708991','U154297612734787140','郑欣睿','NORMAL','2018-12-03 09:31:31',NULL,NULL),('2015124136994','2015100367781','U154331639561708991','U154297612749068699','刘书岑','NORMAL','2018-12-03 09:31:31',NULL,NULL),('2015131100828','2015100367781','U154331639561708991','U154297612748263593','张晋瑜','NORMAL','2018-12-03 09:31:31',NULL,NULL),('2015151963186','2015143886184','U154331641512144419','U154297612750086239','蒋卓航','NORMAL','2018-12-03 09:31:31',NULL,NULL),('2015161064122','2015143886184','U154331641512144419','U154297612745348604','虞钧涵','NORMAL','2018-12-03 09:31:31',NULL,NULL),('2015165662512','2015143886184','U154331641512144419','U154297612746449373','邵匀佐','NORMAL','2018-12-03 09:31:31',NULL,NULL),('2015172737212','2015143886184','U154331641512144419','U154297612739897181','李佳澔','NORMAL','2018-12-03 09:31:31',NULL,NULL),('2015179478412','2015143886184','U154331641512144419','U154297612740671256','林哲毅','NORMAL','2018-12-03 09:31:31',NULL,NULL),('2015184078004','2015143886184','U154331641512144419','U154297612743563426','邬知逸','NORMAL','2018-12-03 09:31:31',NULL,NULL),('2015193227012','2015143886184','U154331641512144419','U154297612736704825','陈禹桦','NORMAL','2018-12-03 09:31:31',NULL,NULL),('2015198517038','2015143886184','U154331641512144419','U154297612747327879','胡哲喻','NORMAL','2018-12-03 09:31:31',NULL,NULL),('2015206943763','2015143886184','U154331641512144419','U154297612742428283','徐博厚','NORMAL','2018-12-03 09:31:31',NULL,NULL),('2015213507097','2015143886184','U154331641512144419','U154297612735725185','王一早','NORMAL','2018-12-03 09:31:31',NULL,NULL),('2015217931526','2015143886184','U154331641512144419','U154297612737592247','苗凯杰','NORMAL','2018-12-03 09:31:31',NULL,NULL),('2015222275435','2015143886184','U154331641512144419','U154297612751130378','刘辰','NORMAL','2018-12-03 09:31:31',NULL,NULL),('2015242638745','2015235664095','U154331648087753947','U154297612755519070','沃渲博','SIGNED','2018-12-03 09:31:31','2018-12-05 14:40:41',''),('2015247237435','2015235664095','U154331648087753947','U154297612757739928','李昕瀚','PLAY_TRUANT','2018-12-03 09:31:31','2018-12-05 14:40:33',''),('2015251949696','2015235664095','U154331648087753947','U154297612760965276','马瑜辰','PLAY_TRUANT','2018-12-03 09:31:31','2018-12-05 14:40:33',''),('2015256329057','2015235664095','U154331648087753947','U154297612753489017','翁齐辰','SIGNED','2018-12-03 09:31:31','2018-12-05 14:40:41',''),('2015261165704','2015235664095','U154331648087753947','U154297612759983563','徐靖昕','SIGNED','2018-12-03 09:31:31','2018-12-05 14:40:41',''),('2015265570003','2015235664095','U154331648087753947','U154297612758870654','周子翔','PERSONAL_LEAVE','2018-12-03 09:31:31','2018-12-05 14:40:28',''),('2015273103190','2015235664095','U154331648087753947','U154297612756613471','丁嘉鸿','PERSONAL_LEAVE','2018-12-03 09:31:31','2018-12-05 14:40:28',''),('2015278805734','2015235664095','U154331648087753947','U154297612762195968','刘讴睿','PERSONAL_LEAVE','2018-12-03 09:31:31','2018-12-05 14:40:28',''),('2015283895059','2015235664095','U154331648087753947','U154297612763136891','周柏臻','PERSONAL_LEAVE','2018-12-03 09:31:31','2018-12-05 14:40:28',''),('2015293427742','2015235664095','U154331648087753947','U154297612764298014','王艺瑾','PERSONAL_LEAVE','2018-12-03 09:31:31','2018-12-05 14:40:28',''),('2015327489177','2015315552892','U154331654629338228','U154297612959566094','陈凯鑫','NORMAL','2018-12-03 09:31:31',NULL,NULL),('2015333104290','2015315552892','U154331654629338228','U154297612965547999','吴秉泽','NORMAL','2018-12-03 09:31:31',NULL,NULL),('2015341871726','2015315552892','U154331654629338228','U154297612960946144','虞思贤','NORMAL','2018-12-03 09:31:31',NULL,NULL),('2015346641673','2015315552892','U154331654629338228','U154297612964899118','卢嘉晨','NORMAL','2018-12-03 09:31:31',NULL,NULL),('2015351088335','2015315552892','U154331654629338228','U154297612962545812','周奕轩','NORMAL','2018-12-03 09:31:31',NULL,NULL),('2015358400090','2015315552892','U154331654629338228','U154297612963369542','张昊聘','NORMAL','2018-12-03 09:31:31',NULL,NULL),('2015382693890','2015376694200','U154331663642200391','U154297612956656179','虞卓骏','NORMAL','2018-12-03 09:31:31',NULL,NULL),('2015391413855','2015376694200','U154331663642200391','U154297612775630112','俞俊烨','NORMAL','2018-12-03 09:31:31',NULL,NULL),('2015396383601','2015376694200','U154331663642200391','U154297612774948275','汪淇涵','NORMAL','2018-12-03 09:31:31',NULL,NULL),('2015400394611','2015376694200','U154331663642200391','U154297612774110103','俞博文','NORMAL','2018-12-03 09:31:31',NULL,NULL),('2015406330004','2015376694200','U154331663642200391','U154297612776323967','李思竟','NORMAL','2018-12-03 09:31:31',NULL,NULL),('2015410359040','2015376694200','U154331663642200391','U154297612780590662','焦俊宁','NORMAL','2018-12-03 09:31:31',NULL,NULL),('2015414876309','2015376694200','U154331663642200391','U154297612766448598','乐凯文','NORMAL','2018-12-03 09:31:31',NULL,NULL),('2015425739685','2015376694200','U154331663642200391','U154297612781373264','童煜希','NORMAL','2018-12-03 09:31:31',NULL,NULL),('2015431525154','2015376694200','U154331663642200391','U154297612777870247','张子涵','NORMAL','2018-12-03 09:31:31',NULL,NULL),('2015437891092','2015376694200','U154331663642200391','U154297612964071412','虞铠瑄','NORMAL','2018-12-03 09:31:31',NULL,NULL),('2015444726033','2015376694200','U154331663642200391','U154297612961868525','王千亦','NORMAL','2018-12-03 09:31:31',NULL,NULL),('2015460658604','2015452806940','U154331668060749703','U154297612767499290','王浚羽','NORMAL','2018-12-03 09:31:31',NULL,NULL),('2015465431856','2015452806940','U154331668060749703','U154297612966217391','金彦含','NORMAL','2018-12-03 09:31:31',NULL,NULL),('2015472884222','2015452806940','U154331668060749703','U154297612755519070','沃渲博','NORMAL','2018-12-03 09:31:31',NULL,NULL),('2015479189469','2015452806940','U154331668060749703','U154297612757739928','李昕瀚','NORMAL','2018-12-03 09:31:31',NULL,NULL),('2015484660066','2015452806940','U154331668060749703','U154297612760965276','马瑜辰','NORMAL','2018-12-03 09:31:31',NULL,NULL),('2015493599059','2015452806940','U154331668060749703','U154297612753489017','翁齐辰','NORMAL','2018-12-03 09:31:31',NULL,NULL),('2015509413554','2015452806940','U154331668060749703','U154297612759983563','徐靖昕','NORMAL','2018-12-03 09:31:31',NULL,NULL),('2015516181194','2015452806940','U154331668060749703','U154297612758870654','周子翔','NORMAL','2018-12-03 09:31:31',NULL,NULL),('2015526469809','2015452806940','U154331668060749703','U154297612756613471','丁嘉鸿','NORMAL','2018-12-03 09:31:31',NULL,NULL),('2015532939703','2015452806940','U154331668060749703','U154297612762195968','刘讴睿','NORMAL','2018-12-03 09:31:31',NULL,NULL),('2015543277893','2015452806940','U154331668060749703','U154297612763136891','周柏臻','NORMAL','2018-12-03 09:31:31',NULL,NULL),('2015548316742','2015452806940','U154331668060749703','U154297612764298014','王艺瑾','NORMAL','2018-12-03 09:31:31',NULL,NULL),('2015567611652','2015560979515','U154331674313825100','U154297612960213303','姜柏丞','NORMAL','2018-12-03 09:31:31',NULL,NULL),('2015575502976','2015560979515','U154331674313825100','U154297612965547999','吴秉泽','NORMAL','2018-12-03 09:31:31',NULL,NULL),('2015580853693','2015560979515','U154331674313825100','U154297612960946144','虞思贤','NORMAL','2018-12-03 09:31:31',NULL,NULL),('2015585128498','2015560979515','U154331674313825100','U154297612964899118','卢嘉晨','NORMAL','2018-12-03 09:31:31',NULL,NULL),('2015593289926','2015560979515','U154331674313825100','U154297612962545812','周奕轩','NORMAL','2018-12-03 09:31:31',NULL,NULL),('2015598335085','2015560979515','U154331674313825100','U154297612963369542','张昊聘','NORMAL','2018-12-03 09:31:31',NULL,NULL),('2015616195946','2015609713133','U154331675928846382','U154297612959566094','陈凯鑫','NORMAL','2018-12-03 09:31:31',NULL,NULL),('2015623744155','2015609713133','U154331675928846382','U154297612958813558','陈舟煜','NORMAL','2018-12-03 09:31:31',NULL,NULL),('2015628549856','2015609713133','U154331675928846382','U154297612958011939','张哲毓','NORMAL','2018-12-03 09:31:31',NULL,NULL),('2015634021053','2015609713133','U154331675928846382','U154297612954202620','顾晨左','NORMAL','2018-12-03 09:31:31',NULL,NULL),('2015640649585','2015609713133','U154331675928846382','U154297612953569157','郑博予','NORMAL','2018-12-03 09:31:31',NULL,NULL),('2015645363948','2015609713133','U154331675928846382','U154297612955797241','蒋佳辰','NORMAL','2018-12-03 09:31:31',NULL,NULL),('2015649632143','2015609713133','U154331675928846382','U154297612955087166','高毓泽','NORMAL','2018-12-03 09:31:31',NULL,NULL),('2015654127479','2015609713133','U154331675928846382','U154297612957371488','朱珉磊','NORMAL','2018-12-03 09:31:31',NULL,NULL),('2015666893005','2015660372936','U154331677571378638','U154297612766448598','乐凯文','NORMAL','2018-12-03 09:31:31',NULL,NULL),('2015675916726','2015660372936','U154331677571378638','U154297612781373264','童煜希','NORMAL','2018-12-03 09:31:31',NULL,NULL),('2015680427083','2015660372936','U154331677571378638','U154297612777870247','张子涵','NORMAL','2018-12-03 09:31:31',NULL,NULL),('2015684633987','2015660372936','U154331677571378638','U154297612964071412','虞铠瑄','NORMAL','2018-12-03 09:31:31',NULL,NULL),('2015690827166','2015660372936','U154331677571378638','U154297612961868525','王千亦','NORMAL','2018-12-03 09:31:31',NULL,NULL),('2015695490453','2015660372936','U154331677571378638','U154297612779618657','刘梓源','NORMAL','2018-12-03 09:31:31',NULL,NULL),('2015700094251','2015660372936','U154331677571378638','U154297612778619832','李若水','NORMAL','2018-12-03 09:31:31',NULL,NULL),('2015711616515','2015660372936','U154331677571378638','U154297612777015971','王浚棋','NORMAL','2018-12-03 09:31:31',NULL,NULL),('2015718730273','2015660372936','U154331677571378638','U154297612768251872','郭泽楠','NORMAL','2018-12-03 09:31:31',NULL,NULL),('2015725576631','2015660372936','U154331677571378638','U154297612769058093','殷又嘉','NORMAL','2018-12-03 09:31:31',NULL,NULL),('2015731757492','2015660372936','U154331677571378638','U154297612769887175','钟昊轩','NORMAL','2018-12-03 09:31:31',NULL,NULL),('31363850264651','2012796065244','U154285648373308696','U154297612916408356','戎柏臻','X_MAKE_UP','2018-12-03 17:40:41',NULL,NULL),('31363883529892','2012796065244','U154285648373308696','U154297612917466735','虞铮楠','X_MAKE_UP','2018-12-03 17:40:41',NULL,NULL),('31363899071879','2012796065244','U154285648373308696','U154297612948583512','王俊寓','X_MAKE_UP','2018-12-03 17:40:41',NULL,NULL);

/*Table structure for table `tg_study_renew_record` */

DROP TABLE IF EXISTS `tg_study_renew_record`;

CREATE TABLE `tg_study_renew_record` (
  `id` varchar(64) NOT NULL,
  `student_id` varchar(64) DEFAULT NULL,
  `student_name` varchar(64) DEFAULT NULL,
  `amount` bigint(16) DEFAULT NULL COMMENT '额度,单位元',
  `course_count` int(8) DEFAULT NULL,
  `description` varchar(128) DEFAULT NULL,
  `create_time` datetime DEFAULT NULL,
  `operator_id` varchar(64) DEFAULT NULL,
  `operator_full_name` varchar(64) DEFAULT NULL,
  PRIMARY KEY (`id`)
) ENGINE=InnoDB DEFAULT CHARSET=utf8;

/*Data for the table `tg_study_renew_record` */

insert  into `tg_study_renew_record`(`id`,`student_id`,`student_name`,`amount`,`course_count`,`description`,`create_time`,`operator_id`,`operator_full_name`) values ('24094254999819','22384029931917','测试学生02',1000,20,'续费，增加课时','2018-11-27 15:22:29','U141770099155103287','超级管理员'),('24115494258965','22384029931917','测试学生02',1000,20,'继续增加课时','2018-11-27 15:22:51','U141770099155103287',NULL),('3769339870384','U154294589485489135','余昊泽',1000,20,'','2018-11-28 09:46:15','U141770099155103287','超级管理员'),('3790513966848','U154294589485489135','余昊泽',1000,20,'','2018-11-28 09:46:36','U141770099155103287','超级管理员'),('3852411034729','22384029931917','测试学生02',1000,20,'','2018-11-28 09:47:38','U141770099155103287','超级管理员');

/*Table structure for table `tg_study_school` */

DROP TABLE IF EXISTS `tg_study_school`;

CREATE TABLE `tg_study_school` (
  `id` varchar(255) NOT NULL,
  `name` varchar(64) DEFAULT NULL,
  `address` varchar(128) DEFAULT NULL,
  `create_time` datetime DEFAULT NULL,
  `status` varchar(16) DEFAULT NULL,
  PRIMARY KEY (`id`)
) ENGINE=InnoDB DEFAULT CHARSET=utf8;

/*Data for the table `tg_study_school` */

insert  into `tg_study_school`(`id`,`name`,`address`,`create_time`,`status`) values ('U154278937639961731','灵秀','灵秀街','2018-11-21 16:36:16','NORMAL'),('U154278938594715590','碧海','碧海莲缘','2018-11-21 16:36:26','NORMAL'),('U154278940555972710','沈家门','沈家门','2018-11-21 16:36:46','NORMAL'),('U154278941642911961','一小','一小','2018-11-21 16:36:56','NORMAL'),('U154278942492545956','城建','城建','2018-11-21 16:37:05','NORMAL');

/*Table structure for table `tg_study_statistics_teacher` */

DROP TABLE IF EXISTS `tg_study_statistics_teacher`;

CREATE TABLE `tg_study_statistics_teacher` (
  `id` varchar(64) NOT NULL,
  `month` varchar(16) DEFAULT NULL,
  `teacher_id` varchar(64) DEFAULT NULL,
  `teacher_name` varchar(64) DEFAULT NULL,
  `course_count` int(11) DEFAULT NULL,
  `student_count` int(11) DEFAULT NULL,
  `course_record_count` int(11) DEFAULT NULL,
  `course_record_student_count` int(11) DEFAULT NULL,
  `drop_out_count` int(11) DEFAULT NULL,
  `drop_out_rate` varchar(8) DEFAULT NULL,
  `exit_course_count` int(11) DEFAULT NULL,
  `exit_course_rate` varchar(8) DEFAULT NULL,
  `new_student_count` int(11) DEFAULT NULL,
  `new_student_exit_course_count` int(11) DEFAULT NULL,
  `new_student_exit_course_rate` varchar(8) DEFAULT NULL,
  `new_student_drop_out_count` int(11) DEFAULT NULL,
  `new_student_drop_out_rate` varchar(8) DEFAULT NULL,
  `create_time` datetime DEFAULT NULL,
  PRIMARY KEY (`id`)
) ENGINE=InnoDB DEFAULT CHARSET=utf8;

/*Data for the table `tg_study_statistics_teacher` */

insert  into `tg_study_statistics_teacher`(`id`,`month`,`teacher_id`,`teacher_name`,`course_count`,`student_count`,`course_record_count`,`course_record_student_count`,`drop_out_count`,`drop_out_rate`,`exit_course_count`,`exit_course_rate`,`new_student_count`,`new_student_exit_course_count`,`new_student_exit_course_rate`,`new_student_drop_out_count`,`new_student_drop_out_rate`,`create_time`) values ('22208135610371','201811','U154278954605976028','周宏斌',12,77,0,0,0,'0.00',5,'0.00',77,6,'7.23',0,'0.00','2018-12-05 15:03:00'),('22208207243337','201811','U154278956053217488','孙为民',10,84,0,0,0,'0.00',0,'0.00',84,0,'0.00',0,'0.00','2018-12-05 15:03:00'),('22208242107081','201811','U154278962301569613','蒋杰',6,32,0,0,0,'0.00',3,'0.00',32,3,'8.57',0,'0.00','2018-12-05 15:03:00'),('22208275584833','201811','U154278963512684555','叶开良',3,19,0,0,0,'0.00',1,'0.00',19,1,'5.00',0,'0.00','2018-12-05 15:03:00'),('22208303993029','201811','U154278965230025110','张国忠',10,43,0,0,0,'0.00',3,'0.00',43,3,'6.52',0,'0.00','2018-12-05 15:03:00');

/*Table structure for table `tg_study_student` */

DROP TABLE IF EXISTS `tg_study_student`;

CREATE TABLE `tg_study_student` (
  `id` varchar(64) NOT NULL,
  `name` varchar(64) DEFAULT NULL,
  `age` int(2) DEFAULT NULL,
  `sex` smallint(1) DEFAULT NULL,
  `birthday` varchar(32) DEFAULT NULL,
  `school_name` varchar(128) DEFAULT NULL,
  `level` varchar(8) DEFAULT NULL,
  `parent_phone` varchar(16) DEFAULT NULL,
  `parent_name` varchar(64) DEFAULT NULL,
  `parent_type` smallint(1) DEFAULT NULL,
  `status` varchar(16) DEFAULT NULL,
  `total_course` int(11) DEFAULT NULL,
  `remain_course` int(11) DEFAULT NULL,
  `create_time` datetime DEFAULT NULL,
  `update_time` datetime DEFAULT NULL,
  `course_series_un_signed` int(3) DEFAULT '0',
  `is_register` varchar(8) DEFAULT NULL,
  PRIMARY KEY (`id`)
) ENGINE=InnoDB DEFAULT CHARSET=utf8;

/*Data for the table `tg_study_student` */

insert  into `tg_study_student`(`id`,`name`,`age`,`sex`,`birthday`,`school_name`,`level`,`parent_phone`,`parent_name`,`parent_type`,`status`,`total_course`,`remain_course`,`create_time`,`update_time`,`course_series_un_signed`,`is_register`) values ('1142529623742','翁铭泽',0,1,'2011-11-06','沈小','','13758008963',NULL,0,'NORMAL',0,0,'2018-11-30 09:07:41','2018-11-30 18:20:20',0,'NO'),('1229609144580','蒋则睿',0,1,'2013-01-16','实验','','18768040280',NULL,0,'NORMAL',0,0,'2018-11-30 09:09:08','2018-11-30 15:27:12',0,'NO'),('1278691054619','戴嘉言',0,1,'2018-11-30','实验','','13867227993',NULL,0,'NORMAL',0,0,'2018-11-30 09:09:57','2018-11-30 15:26:53',0,'NO'),('1369097702437','周钰蕊',0,2,'2010-02-06','勾山','18级','13735044322',NULL,0,'NORMAL',0,0,'2018-11-30 09:11:28','2018-11-30 18:21:26',0,'NO'),('182822371298884','徐闻益',30,1,'1988-01-15','东港小学','1级','18861530000',NULL,0,'DROP_OUT',20,0,'2018-12-02 12:08:31','2018-12-02 19:02:23',0,'NO'),('209263420394466','唐浩哲',6,1,'2012-01-01','熊猫','','18658073268',NULL,0,'NORMAL',0,0,'2018-12-02 19:29:13',NULL,0,'NO'),('U154297612702219574','汪云浩',0,1,'2008-10-01','城北','','18768074874',NULL,0,'NORMAL',20,0,'2018-11-23 20:28:47','2018-11-30 20:23:57',0,'NO'),('U154297612703173126','宁振皓',0,1,'2012-02-28','城北','','13750721901',NULL,0,'NORMAL',5,-1,'2018-11-23 20:28:47','2018-12-05 14:39:52',0,'NO'),('U154297612703926668','陈昱帆',0,1,'2012-11-02','东港','','13567696388',NULL,0,'NORMAL',0,-1,'2018-11-23 20:28:47','2018-12-05 14:39:51',1,'NO'),('U154297612704860994','朱奕臻',0,1,'2014-01-07','东港','','13506809405',NULL,0,'NORMAL',0,-1,'2018-11-23 20:28:47','2018-12-05 14:39:47',1,'NO'),('U154297612705699032','陆妍心',0,2,'2011-08-25','小天地','','13957234971',NULL,0,'NORMAL',0,-1,'2018-11-23 20:28:47','2018-12-05 14:39:49',1,'NO'),('U154297612706828267','李京晓',0,2,'2012-08-22','熊猫','','18768068262',NULL,0,'NORMAL',0,-1,'2018-11-23 20:28:47','2018-12-05 14:39:53',1,'NO'),('U154297612707535096','陈冠羽',0,1,'2013-01-14','东港','','13706800431',NULL,0,'NORMAL',1,0,'2018-11-23 20:28:47','2018-11-30 20:25:38',0,'NO'),('U154297612708254391','吴彦诺',0,1,'2012-12-30','熊猫','','13967203170',NULL,0,'NORMAL',1,-1,'2018-11-23 20:28:47','2018-12-05 14:39:54',1,'NO'),('U154297612708955934','沈辰旭',0,1,'2010-11-01','一小','22级','13735017673',NULL,0,'NORMAL',40,0,'2018-11-23 20:28:47','2018-11-30 20:26:13',0,'YES'),('U154297612709624967','程昱甄',0,2,'2011-11-06','普陀小学','','18058028653',NULL,0,'NORMAL',0,0,'2018-11-23 20:28:47','2018-11-30 20:26:31',0,'NO'),('U154297612710491593','许正洋',0,1,'2010-08-01','沈小','','18268703246',NULL,0,'NORMAL',0,0,'2018-11-23 20:28:47','2018-11-30 20:26:53',0,'NO'),('U154297612711239747','贺昱玮',0,1,'2013-02-03','熊猫','25级','15957057352',NULL,0,'NORMAL',0,0,'2018-11-23 20:28:47','2018-11-30 20:27:20',0,'YES'),('U154297612712009727','丁麒谕',0,1,'2013-06-01','熊猫','','13967205718',NULL,0,'NORMAL',0,-1,'2018-11-23 20:28:47','2018-12-05 14:39:55',0,'NO'),('U154297612713392609','林睿泽',0,1,'2013-11-03','东港','','13868248467',NULL,0,'NORMAL',0,0,'2018-11-23 20:28:47','2018-11-30 20:27:51',0,'NO'),('U154297612714108904','翁子画',0,1,'2011-12-08','熊猫','23级','13967219630',NULL,0,'NORMAL',0,0,'2018-11-23 20:28:47','2018-11-30 20:28:09',0,'YES'),('U154297612714949247','庄子涵',0,1,'2012-08-09','熊猫','24级','15157980909',NULL,0,'NORMAL',0,0,'2018-11-23 20:28:47','2018-11-30 20:28:49',0,'YES'),('U154297612715772448','郑皓仁',0,1,'2013-05-03','和润','','13868213553',NULL,0,'NORMAL',0,0,'2018-11-23 20:28:47','2018-11-30 20:29:09',0,'YES'),('U154297612716558800','翁熙哲',0,1,'2012-10-11','蓝盾','','15958078208',NULL,0,'NORMAL',0,0,'2018-11-23 20:28:47','2018-11-30 20:29:31',0,'NO'),('U154297612717256853','贝晨晰',0,2,'2013-03-30','蓝盾','','15958095561',NULL,0,'NORMAL',0,0,'2018-11-23 20:28:47','2018-11-30 20:29:50',0,'NO'),('U154297612718082891','杨浚溢',0,1,'2011-08-25','城北','','13506801361',NULL,0,'NORMAL',0,0,'2018-11-23 20:28:47','2018-11-30 20:30:10',0,'NO'),('U154297612718818038','张宸硕',0,1,'2013-08-31','熊猫','','13587071618',NULL,0,'NORMAL',0,0,'2018-11-23 20:28:47','2018-11-30 20:30:33',0,'NO'),('U154297612719656688','盛张睿',0,1,'2013-03-01','普陀小学','','13758006682',NULL,0,'NORMAL',0,0,'2018-11-23 20:28:47','2018-11-30 20:30:49',0,'NO'),('U154297612720431479','李雨轩',0,1,'2013-07-11','东港','','13666703299',NULL,0,'NORMAL',0,0,'2018-11-23 20:28:47','2018-11-30 20:31:05',0,'NO'),('U154297612721291691','李函臻',0,1,'2012-09-20','沈家门','','13666585833',NULL,0,'NORMAL',0,0,'2018-11-23 20:28:47','2018-11-30 20:31:18',0,'NO'),('U154297612722275907','乐禹含',0,1,'2012-08-23','熊猫','','13967217161',NULL,0,'NORMAL',0,0,'2018-11-23 20:28:47','2018-11-30 20:31:33',0,'NO'),('U154297612723232792','屠骁腾',0,1,'2014-02-08','','','13758004946',NULL,0,'NORMAL',0,0,'2018-11-23 20:28:47','2018-11-30 20:31:58',0,'NO'),('U154297612724855046','袁佳玮',0,2,'2014-06-20','熊猫','','13396805858',NULL,0,'NORMAL',0,0,'2018-11-23 20:28:47','2018-11-30 20:32:09',0,'NO'),('U154297612726043247','孙颢淳',0,1,'2013-04-01','颐景园','','13587094040',NULL,0,'NORMAL',0,0,'2018-11-23 20:28:47','2018-11-30 20:32:27',0,'NO'),('U154297612727084505','韩宗博',0,1,'2011-07-25','一小','','13758032766',NULL,0,'NORMAL',0,0,'2018-11-23 20:28:47','2018-11-30 20:32:41',0,'NO'),('U154297612728989508','孙浩航',0,1,'2014-05-27','','','15305808779',NULL,0,'NORMAL',0,0,'2018-11-23 20:28:47','2018-11-30 20:32:59',0,'NO'),('U154297612730104835','王麒皓',0,1,'2012-12-05','北安','','13665810440',NULL,0,'NORMAL',0,0,'2018-11-23 20:28:47','2018-11-30 20:33:23',0,'NO'),('U154297612731219610','陈乙霆',0,1,'2012-08-13','沈家门','','13616806368',NULL,0,'NORMAL',0,0,'2018-11-23 20:28:47','2018-11-30 20:33:45',0,'NO'),('U154297612732467828','王博然',0,1,'2014-10-15','沈家门','','663272',NULL,0,'NORMAL',0,0,'2018-11-23 20:28:47','2018-11-30 20:34:07',0,'NO'),('U154297612733623559','程玺璇',0,2,'2008-03-28','沈小','','13587066203',NULL,0,'NORMAL',0,0,'2018-11-23 20:28:47','2018-11-30 20:34:37',0,'NO'),('U154297612734787140','郑欣睿',0,1,'2009-03-01','勾山小学','','15957087078',NULL,0,'NORMAL',0,0,'2018-11-23 20:28:47','2018-11-30 20:34:53',0,'NO'),('U154297612735725185','王一早',0,1,'2010-01-15','一小','22级','13059888081',NULL,0,'NORMAL',0,0,'2018-11-23 20:28:47','2018-11-30 20:35:12',0,'YES'),('U154297612736704825','陈禹桦',0,1,'2012-07-17','熊猫','19级','13867213552',NULL,0,'NORMAL',0,0,'2018-11-23 20:28:47','2018-11-30 20:35:34',0,'YES'),('U154297612737592247','苗凯杰',0,1,'2011-12-30','青苹果','','13665818945',NULL,0,'NORMAL',0,0,'2018-11-23 20:28:47','2018-11-30 20:35:50',0,'NO'),('U154297612738279011','谢其桓',0,1,'2010-07-13','蓝盾','22级','18005808588',NULL,0,'NORMAL',0,0,'2018-11-23 20:28:47','2018-11-30 20:36:09',0,'YES'),('U154297612739079382','许誉耀',0,1,'2010-11-16','沈小','23级','13655806486',NULL,0,'NORMAL',0,0,'2018-11-23 20:28:47','2018-11-30 20:36:40',0,'YES'),('U154297612739897181','李佳澔',0,1,'2009-10-24','勾山','17级','15958078515',NULL,0,'NORMAL',0,0,'2018-11-23 20:28:47','2018-11-30 20:37:04',0,'YES'),('U154297612740671256','林哲毅',0,1,'2010-04-08','沈小','18级','13575604884',NULL,0,'NORMAL',0,0,'2018-11-23 20:28:47','2018-11-30 20:37:37',0,'YES'),('U154297612741348072','曹佑嘉',0,1,'2010-04-14','普陀小学','0','13732530195',NULL,0,'DROP_OUT',0,0,'2018-11-23 20:28:47','2018-11-30 20:38:29',0,NULL),('U154297612742428283','徐博厚',0,1,'2010-10-17','城建','19级','15305808660',NULL,0,'NORMAL',0,0,'2018-11-23 20:28:47','2018-11-30 20:39:08',0,'YES'),('U154297612743563426','邬知逸',0,1,'2010-11-19','和润','23级','13567675500',NULL,0,'NORMAL',0,0,'2018-11-23 20:28:47','2018-11-30 20:39:34',0,'YES'),('U154297612745348604','虞钧涵',0,1,'2012-05-23','熊猫','22级','13957232107',NULL,0,'NORMAL',0,0,'2018-11-23 20:28:47','2018-11-30 20:40:00',0,'YES'),('U154297612746449373','邵匀佐',0,1,'2012-08-03','熊猫','22级','13735035708',NULL,0,'NORMAL',0,0,'2018-11-23 20:28:47','2018-11-30 20:40:27',0,'YES'),('U154297612747327879','胡哲喻',0,1,'2010-10-24','普陀小学','21级','15958068812',NULL,0,'NORMAL',0,0,'2018-11-23 20:28:47','2018-11-30 20:40:52',0,'YES'),('U154297612748263593','张晋瑜',0,1,'2013-01-15','实验','20级','13735013587',NULL,0,'NORMAL',0,0,'2018-11-23 20:28:47','2018-11-30 20:41:13',0,'YES'),('U154297612749068699','刘书岑',0,2,'2010-10-28','','24级','13867232522',NULL,0,'NORMAL',0,0,'2018-11-23 20:28:47','2018-11-30 20:41:35',0,'YES'),('U154297612750086239','蒋卓航',0,1,'2011-11-22','新城幼儿园','','13967201544',NULL,0,'NORMAL',0,0,'2018-11-23 20:28:47','2018-11-30 20:41:54',0,'NO'),('U154297612751130378','刘辰',0,1,'2010-12-03','普小','','13758016309',NULL,0,'NORMAL',20,0,'2018-11-23 20:28:47','2018-11-30 20:53:57',0,'YES'),('U154297612752369897','韩雨臻',0,1,'2010-04-03','颐景园','22级','15068007101',NULL,0,'NORMAL',0,0,'2018-11-23 20:28:47','2018-11-30 20:54:18',0,'YES'),('U154297612753489017','翁齐辰',0,1,'2012-02-07','熊猫','23级','13665804357',NULL,0,'NORMAL',0,-1,'2018-11-23 20:28:47','2018-12-05 14:40:41',0,'YES'),('U154297612754647454','翁晨越',0,1,'2012-04-23','东港','','13750711467',NULL,0,'NORMAL',0,0,'2018-11-23 20:28:47','2018-11-30 20:54:51',0,'NO'),('U154297612755519070','沃渲博',0,1,'2012-09-12','沈家门','','13567698277',NULL,0,'NORMAL',0,-1,'2018-11-23 20:28:47','2018-12-05 14:40:41',0,'NO'),('U154297612756613471','丁嘉鸿',0,1,'2012-09-16','东港','','13666591905',NULL,0,'NORMAL',0,-1,'2018-11-23 20:28:47','2018-12-05 14:40:28',1,'NO'),('U154297612757739928','李昕瀚',0,1,'2012-09-21','东港','23级','15924005307',NULL,0,'NORMAL',0,-1,'2018-11-23 20:28:47','2018-12-05 14:40:33',1,'YES'),('U154297612758870654','周子翔',0,1,'2012-11-01','普陀','','13967213777',NULL,0,'NORMAL',0,-1,'2018-11-23 20:28:47','2018-12-05 14:40:28',1,'NO'),('U154297612759983563','徐靖昕',0,1,'2012-12-10','沈家门','','13857207742',NULL,0,'NORMAL',0,-1,'2018-11-23 20:28:47','2018-12-05 14:40:41',0,'NO'),('U154297612760965276','马瑜辰',0,1,'2013-03-24','碧海','','18058021772',NULL,0,'NORMAL',0,-1,'2018-11-23 20:28:47','2018-12-05 14:40:33',1,'NO'),('U154297612762195968','刘讴睿',0,1,'2012-03-26','熊猫','','15858089696',NULL,0,'NORMAL',0,-1,'2018-11-23 20:28:47','2018-12-05 14:40:28',1,'NO'),('U154297612763136891','周柏臻',0,1,'2011-05-07','颐景园','24级','18058095670',NULL,0,'NORMAL',0,-1,'2018-11-23 20:28:47','2018-12-05 14:40:28',1,'YES'),('U154297612764298014','王艺瑾',0,2,'2012-10-17','中心','','13567670608',NULL,0,'NORMAL',0,-1,'2018-11-23 20:28:47','2018-12-05 14:40:28',1,'NO'),('U154297612765390497','张译涵',0,1,'2012-06-01','南海','','13957235991',NULL,0,'NORMAL',0,-1,'2018-11-23 20:28:47','2018-12-05 14:39:48',1,'NO'),('U154297612766448598','乐凯文',0,1,'2009-07-16','一小','','13868237741',NULL,0,'NORMAL',0,0,'2018-11-23 20:28:47','2018-11-30 20:57:55',0,'NO'),('U154297612767499290','王浚羽',0,1,'2009-05-04','','','13868224057',NULL,0,'NORMAL',20,0,'2018-11-23 20:28:47','2018-11-30 20:58:08',0,'NO'),('U154297612768251872','郭泽楠',0,1,'2011-01-13','和润','16级','13868238308',NULL,0,'NORMAL',0,0,'2018-11-23 20:28:47','2018-11-30 20:58:22',0,'YES'),('U154297612769058093','殷又嘉',0,1,'2010-06-17','颐景园','','18069293617',NULL,0,'NORMAL',0,0,'2018-11-23 20:28:47','2018-11-30 20:58:40',0,'NO'),('U154297612769887175','钟昊轩',0,1,'2012-09-02','熊猫','','13867213122',NULL,0,'NORMAL',0,0,'2018-11-23 20:28:47','2018-11-30 20:58:52',0,'NO'),('U154297612774110103','俞博文',0,1,'2009-09-07','和润','17级','13587081166',NULL,0,'NORMAL',0,0,'2018-11-23 20:28:47','2018-11-30 20:59:07',0,'YES'),('U154297612774948275','汪淇涵',0,1,'2010-06-01','和润','19','18605808885',NULL,0,'DROP_OUT',20,0,'2018-11-23 20:28:47','2018-11-30 20:59:59',0,NULL),('U154297612775630112','俞俊烨',0,1,'2010-12-14','一小','','13587065522',NULL,0,'NORMAL',0,0,'2018-11-23 20:28:47','2018-11-30 21:00:22',0,'NO'),('U154297612776323967','李思竟',0,2,'2011-02-11','和润','21级','13587047227',NULL,0,'NORMAL',0,0,'2018-11-23 20:28:47','2018-11-30 21:00:42',0,'YES'),('U154297612777015971','王浚棋',0,1,'2010-10-26','普陀小学','10级','13575611610',NULL,0,'DROP_OUT',0,0,'2018-11-23 20:28:47','2018-12-02 12:56:37',0,'YES'),('U154297612777870247','张子涵',0,1,'2007-12-02','沈四小','23级','18605807508',NULL,0,'NORMAL',0,0,'2018-11-23 20:28:47','2018-11-30 21:01:21',0,'YES'),('U154297612778619832','李若水',0,2,'2006-05-05','一小','0','13905800185',NULL,0,'DROP_OUT',0,0,'2018-11-23 20:28:47','2018-11-30 21:01:54',0,NULL),('U154297612779618657','刘梓源',0,1,'2009-02-02','普小','7级','13705807782',NULL,0,'NORMAL',0,0,'2018-11-23 20:28:47','2018-11-30 21:02:37',0,'YES'),('U154297612780590662','焦俊宁',0,1,'2011-12-18','普小','','13868236317',NULL,0,'NORMAL',0,0,'2018-11-23 20:28:47','2018-11-30 21:02:49',0,'NO'),('U154297612781373264','童煜希',0,1,'2011-09-25','沈小','','13758007115',NULL,0,'NORMAL',0,0,'2018-11-23 20:28:47','2018-11-30 21:03:01',0,'NO'),('U154297612782157325','马誉宸',0,1,'2008-10-07','沈小','13级','13735029991',NULL,0,'NORMAL',0,0,'2018-11-23 20:28:47','2018-11-30 21:03:14',0,'YES'),('U154297612783189848','邵润觉',0,1,'2010-10-11','普陀小学','17级','13587077978',NULL,0,'NORMAL',0,0,'2018-11-23 20:28:47','2018-11-30 21:03:33',0,'YES'),('U154297612783839872','胡闵皓',0,1,'2011-01-06','沈一小','6级','13732528368',NULL,0,'NORMAL',0,0,'2018-11-23 20:28:47','2018-11-30 21:03:48',0,'YES'),('U154297612784622641','徐嘉豪',0,1,'2010-02-19','沈一小','7级','13867226338',NULL,0,'NORMAL',0,0,'2018-11-23 20:28:47','2018-11-30 21:04:04',0,'YES'),('U154297612785444912','严晟珈',0,1,'2009-10-10','沈四小','9级','13868223516',NULL,0,'NORMAL',0,0,'2018-11-23 20:28:47','2018-11-30 21:04:20',0,'YES'),('U154297612786334162','黄子洋',0,1,'2010-01-10','普小','','13868247446',NULL,0,'NORMAL',0,0,'2018-11-23 20:28:47','2018-11-30 21:04:34',0,'NO'),('U154297612787075664','蒋泽宇',0,1,'2008-06-01','','','13567661028',NULL,0,'NORMAL',0,0,'2018-11-23 20:28:47','2018-11-30 21:04:45',0,'NO'),('U154297612787989534','包烜豪',0,1,'2011-11-01','','','13857206218',NULL,0,'NORMAL',0,0,'2018-11-23 20:28:47','2018-11-30 21:05:01',0,'NO'),('U154297612788753381','张宸豪',0,1,'2012-10-16','碧海园','','13666717662',NULL,0,'NORMAL',0,0,'2018-11-23 20:28:47','2018-11-30 21:05:14',0,'NO'),('U154297612789515003','颜琳烨',0,2,'2013-04-12','熊猫','','13566005441',NULL,0,'NORMAL',0,0,'2018-11-23 20:28:47','2018-11-30 21:05:23',0,'NO'),('U154297612790565230','李谨旭',0,2,'2013-08-12','熊猫','','13957222412',NULL,0,'NORMAL',0,0,'2018-11-23 20:28:47','2018-11-30 21:05:34',0,'NO'),('U154297612791448277','张力匀',0,1,'2012-10-24','熊猫','','13857204977',NULL,0,'NORMAL',0,0,'2018-11-23 20:28:47','2018-11-30 21:05:48',0,'NO'),('U154297612792559183','余嘉硕',0,1,'2012-12-29','熊猫','','15088893967',NULL,0,'NORMAL',0,0,'2018-11-23 20:28:47','2018-11-30 21:05:59',0,'NO'),('U154297612793606065','严晨慧',0,2,'2013-04-15','熊猫','','13758014780',NULL,0,'NORMAL',0,0,'2018-11-23 20:28:47','2018-11-30 21:06:09',0,'NO'),('U154297612794500539','孙博艺',0,1,'2013-06-10','普陀','','13735018835',NULL,0,'NORMAL',0,0,'2018-11-23 20:28:47','2018-11-30 21:06:20',0,'NO'),('U154297612795348477','孔彦淇',0,1,'2012-06-01','实验','','13666703142',NULL,0,'NORMAL',0,0,'2018-11-23 20:28:47','2018-11-30 21:06:32',0,'NO'),('U154297612796093668','刘辰昕',0,1,'2012-12-01','东港','','18658005303',NULL,0,'NORMAL',0,0,'2018-11-23 20:28:47','2018-11-30 21:06:44',0,'NO'),('U154297612796702445','虞健仰',0,1,'2012-06-16','熊猫','','18058028217',NULL,0,'NORMAL',0,0,'2018-11-23 20:28:47','2018-11-30 21:06:53',0,'NO'),('U154297612797451167','李柏霖',0,1,'2013-01-10','熊猫','','13305800827',NULL,0,'NORMAL',0,0,'2018-11-23 20:28:47','2018-11-30 21:07:06',0,'NO'),('U154297612798184937','翁浩瀚',0,1,'2012-08-28','熊猫','','13967206186',NULL,0,'NORMAL',0,0,'2018-11-23 20:28:47','2018-11-30 21:07:19',0,'NO'),('U154297612799096408','虞子萱',0,1,'2014-03-01','熊猫','','13665807742',NULL,0,'NORMAL',0,0,'2018-11-23 20:28:47','2018-11-30 21:07:37',0,'NO'),('U154297612799865762','陈衍桦',0,1,'2012-11-29','熊猫','','15924021540',NULL,0,'NORMAL',0,0,'2018-11-23 20:28:47','2018-11-30 21:07:48',0,'NO'),('U154297612800699489','方颢霖',0,1,'2013-11-01','熊猫','','13665816156',NULL,0,'NORMAL',0,0,'2018-11-23 20:28:48','2018-11-30 19:06:30',0,'NO'),('U154297612801524787','张沐晨',0,1,'2014-05-24','熊猫','','13967219367',NULL,0,'NORMAL',0,0,'2018-11-23 20:28:48','2018-11-30 19:06:57',0,'NO'),('U154297612802385449','缪卓谕',0,1,'2014-03-24','熊猫','','15957085006',NULL,0,'NORMAL',0,0,'2018-11-23 20:28:48','2018-11-30 19:07:12',0,'NO'),('U154297612803154209','彭煜轩',0,1,'2014-01-20','熊猫','','13868231077',NULL,0,'NORMAL',0,0,'2018-11-23 20:28:48','2018-11-30 19:07:27',0,'NO'),('U154297612803821260','徐启然',0,1,'2013-04-02','东港','','13857235895',NULL,0,'NORMAL',0,0,'2018-11-23 20:28:48','2018-11-30 19:07:45',0,'NO'),('U154297612804791869','王  政',0,1,'2012-09-08','熊猫','','15159320092',NULL,0,'NORMAL',0,0,'2018-11-23 20:28:48','2018-11-30 19:08:31',0,'NO'),('U154297612805592752','陈泓睿',0,1,'2012-03-27','碧海园','','13967235426',NULL,0,'NORMAL',0,0,'2018-11-23 20:28:48','2018-11-30 19:08:46',0,'NO'),('U154297612806756379','刘骐恺',0,1,'2012-12-18','碧海园','','13388449009',NULL,0,'NORMAL',0,0,'2018-11-23 20:28:48','2018-11-30 19:09:02',0,'NO'),('U154297612807552844','王思然',0,1,'2013-12-26','熊猫','','15657097537',NULL,0,'NORMAL',0,0,'2018-11-23 20:28:48','2018-11-30 19:09:17',0,'NO'),('U154297612819712067','许淇皓',0,1,'2012-09-19','东港','','13656820536',NULL,0,'NORMAL',0,0,'2018-11-23 20:28:48','2018-11-30 19:09:32',0,'NO'),('U154297612821149842','柳彦朵',0,1,'2014-03-17','熊猫','','13868236233',NULL,0,'NORMAL',0,0,'2018-11-23 20:28:48','2018-11-30 19:09:46',0,'NO'),('U154297612822637630','孙译辰',0,1,'2011-04-07','新城','8级','13666705660',NULL,0,'NORMAL',0,0,'2018-11-23 20:28:48','2018-11-30 19:10:14',0,'NO'),('U154297612823611392','李承桦',0,1,'2010-04-11','普陀小学','','13587091383',NULL,0,'NORMAL',0,0,'2018-11-23 20:28:48','2018-11-30 19:10:33',0,'NO'),('U154297612824340731','李政翰',0,1,'2010-03-06','沈小','','13567697796',NULL,0,'NORMAL',0,0,'2018-11-23 20:28:48','2018-11-30 19:11:11',0,'YES'),('U154297612825156705','胡潇楠',0,1,'2011-10-01','颐景园','22级','18627117833',NULL,0,'NORMAL',0,-1,'2018-11-23 20:28:48','2018-12-05 14:36:12',0,'YES'),('U154297612826036586','陆柏男',0,1,'2010-07-10','中旭','','18273125312',NULL,0,'NORMAL',0,-1,'2018-11-23 20:28:48','2018-12-05 14:36:12',0,'NO'),('U154297612826964744','蒋易睿',0,1,'2011-03-26','城建','','18857058878',NULL,0,'NORMAL',0,-1,'2018-11-23 20:28:48','2018-12-05 14:36:12',0,'NO'),('U154297612827920010','陈希骏',0,1,'2011-04-25','颐景园','24级','15858055821',NULL,0,'NORMAL',0,-1,'2018-11-23 20:28:48','2018-12-05 14:36:12',0,'YES'),('U154297612828992821','小李雨泽',0,1,'2011-04-26','蓝盾','21级','13567684942',NULL,0,'NORMAL',0,-1,'2018-11-23 20:28:48','2018-12-05 14:36:12',0,'YES'),('U154297612829986951','洪睿阳',0,1,'2011-07-06','熊猫','20级','15168082891',NULL,0,'NORMAL',0,-1,'2018-11-23 20:28:48','2018-12-01 10:46:45',1,'YES'),('U154297612830857488','杨骐泽',0,1,'2011-12-19','沈家门','20级','13967203181',NULL,0,'NORMAL',0,0,'2018-11-23 20:28:48','2018-11-30 19:14:16',0,'YES'),('U154297612832165647','魏辰旭',0,1,'2012-03-06','沈家门','16级','13857237083',NULL,0,'NORMAL',0,0,'2018-11-23 20:28:48','2018-11-30 19:14:42',0,'YES'),('U154297612833158322','李奕涵',0,1,'2012-05-16','颐景园','23级','13867208229',NULL,0,'NORMAL',0,-1,'2018-11-23 20:28:48','2018-12-05 14:36:12',0,'YES'),('U154297612834211904','胡智勋',0,1,'2011-12-21','一小','','13666705163',NULL,0,'NORMAL',0,-1,'2018-11-23 20:28:48','2018-12-05 14:36:12',0,'NO'),('U154297612835228846','张桓豪',0,1,'2010-01-05','沈家门','','15957072431',NULL,0,'NORMAL',0,0,'2018-11-23 20:28:48','2018-11-30 19:15:38',0,'YES'),('U154297612839420435','沈子洋',0,1,'2011-05-10','熊猫','23级','15268029518',NULL,0,'NORMAL',0,0,'2018-11-23 20:28:48','2018-11-30 19:16:02',0,'YES'),('U154297612840428598','叶子煜',0,1,'2012-01-01','蓝盾','','13967224552',NULL,0,'NORMAL',0,0,'2018-11-23 20:28:48','2018-11-30 19:16:20',0,'NO'),('U154297612841551220','周彦江',0,2,'2011-05-11','蓝盾','24级','18768006639',NULL,0,'NORMAL',0,0,'2018-11-23 20:28:48','2018-12-01 12:36:38',0,'YES'),('U154297612842778511','范丰毅',0,1,'2009-02-02','颐景园','14级','13567693493',NULL,0,'NORMAL',0,0,'2018-11-23 20:28:48','2018-11-30 19:17:08',0,'YES'),('U154297612843722051','刘焘毓',0,1,'2007-03-26','勾山','18级','13967221543',NULL,0,'NORMAL',0,0,'2018-11-23 20:28:48','2018-11-30 19:17:31',0,'YES'),('U154297612844786716','丁乐捷',0,1,'2009-08-26','南海','23级','13758018125',NULL,0,'NORMAL',0,0,'2018-11-23 20:28:48','2018-11-30 19:18:04',0,'YES'),('U154297612845747404','孙薪淯',0,2,'2009-01-29','一小','','13868238654',NULL,0,'NORMAL',0,0,'2018-11-23 20:28:48','2018-11-30 19:18:25',0,'NO'),('U154297612846721048','张翔宾',0,1,'2006-11-21','芦花','15级','13575624282',NULL,0,'NORMAL',0,0,'2018-11-23 20:28:48','2018-11-30 19:18:46',0,'YES'),('U154297612847963303','腾斌源',0,1,'2009-03-02','洞洞','12级','13567679565',NULL,0,'NORMAL',0,0,'2018-11-23 20:28:48','2018-11-30 19:19:17',0,'YES'),('U154297612848891192','鲍鼎维',0,1,'2008-11-11','舟山小学','10级','15924014680',NULL,0,'NORMAL',0,0,'2018-11-23 20:28:48','2018-11-30 19:19:40',0,'YES'),('U154297612849809006','冯茂庭',0,1,'2011-01-01','熊猫','17级','13967201337',NULL,0,'NORMAL',0,0,'2018-11-23 20:28:48','2018-11-30 19:20:09',0,'YES'),('U154297612850824973','方彬鉴',0,1,'2009-08-20','熊猫','','13645804014',NULL,0,'NORMAL',0,0,'2018-11-23 20:28:48','2018-11-30 19:20:29',0,'NO'),('U154297612851917828','周子恩',0,1,'2009-01-14','沈小','','13735028757',NULL,0,'NORMAL',0,0,'2018-11-23 20:28:48','2018-11-30 19:20:49',0,'NO'),('U154297612853040062','吴昊东',0,1,'2010-08-22','一小','19级','13615809628',NULL,0,'NORMAL',0,0,'2018-11-23 20:28:48','2018-11-30 19:21:31',0,'YES'),('U154297612853903749','魏子谦',0,1,'2008-04-14','南海','2级','13868202256',NULL,0,'NORMAL',0,0,'2018-11-23 20:28:48','2018-11-30 19:22:34',0,'YES'),('U154297612855014458','庄天乐',0,1,'2007-01-23','沈小','2级','13758046321',NULL,0,'NORMAL',0,0,'2018-11-23 20:28:48','2018-11-30 19:23:04',0,'YES'),('U154297612856206437','刘政男',0,1,'2007-09-24','沈小','2级','13735022412',NULL,0,'NORMAL',0,0,'2018-11-23 20:28:48','2018-11-30 19:23:24',0,'YES'),('U154297612857490824','潘冠翰',0,1,'2010-05-26','舟山一小','22级','13587067852',NULL,0,'NORMAL',0,0,'2018-11-23 20:28:48','2018-11-30 19:23:45',0,'YES'),('U154297612858454653','陈芊含',0,2,'2009-11-26','一小','22级','13735029815',NULL,0,'NORMAL',0,0,'2018-11-23 20:28:48','2018-11-30 19:24:07',0,'YES'),('U154297612859311916','陈  澄',0,1,'2007-07-09','沈小','','13868245577',NULL,0,'NORMAL',0,0,'2018-11-23 20:28:48','2018-11-30 19:24:28',0,'YES'),('U154297612860334396','麻秦子轩',0,1,'2011-04-01','北禅','','15858087871',NULL,0,'NORMAL',0,0,'2018-11-23 20:28:48','2018-11-30 19:25:01',0,'YES'),('U154297612861360828','庄浚朗',0,1,'2010-02-27','颐景园','13级','13758028605',NULL,0,'NORMAL',0,0,'2018-11-23 20:28:48','2018-11-30 19:25:22',0,'YES'),('U154297612862408274','刘绍涵',0,1,'2012-03-30','熊猫','','15168078701',NULL,0,'NORMAL',0,0,'2018-11-23 20:28:48','2018-11-30 19:25:41',0,'NO'),('U154297612863471509','黄于哲',0,1,'2010-07-24','沈小','','15957091588',NULL,0,'NORMAL',0,0,'2018-11-23 20:28:48','2018-11-30 19:25:58',0,'NO'),('U154297612864379129','李佳臻',0,1,'2009-02-07','沈小','','13967231912',NULL,0,'NORMAL',0,0,'2018-11-23 20:28:48','2018-11-30 19:26:13',0,'NO'),('U154297612865329965','余禹翰',0,1,'2010-10-23','熊猫','20级','13957234793',NULL,0,'NORMAL',0,0,'2018-11-23 20:28:48','2018-11-30 19:26:32',0,'YES'),('U154297612866243414','贺铭依',0,2,'2011-01-02','沈小','','13705803205',NULL,0,'NORMAL',0,0,'2018-11-23 20:28:48','2018-11-30 19:26:47',0,'NO'),('U154297612867295078','王齐成',0,1,'2012-03-14','普陀','13级','13867211582',NULL,0,'NORMAL',0,0,'2018-11-23 20:28:48','2018-11-30 19:27:07',0,'YES'),('U154297612868338643','徐晨皓',0,1,'2010-03-10','颐景园','4级','13095809823',NULL,0,'NORMAL',0,0,'2018-11-23 20:28:48','2018-11-30 19:27:30',0,'YES'),('U154297612869368567','蒋林璇',0,1,'2010-03-14','颐景园','16级','13857236580',NULL,0,'NORMAL',0,-1,'2018-11-23 20:28:48','2018-12-05 14:36:12',0,'YES'),('U154297612870339906','童禹豪',0,1,'2010-09-22','和润','18级','13575631524',NULL,0,'NORMAL',0,0,'2018-11-23 20:28:48','2018-11-30 19:28:10',0,'YES'),('U154297612871230443','大李雨泽',0,1,'2010-10-09','颐景园幼儿','','13567690703',NULL,0,'NORMAL',0,0,'2018-11-23 20:28:48','2018-11-30 19:28:26',0,'YES'),('U154297612872320241','戴子尧',0,1,'2011-03-02','颐景园','','13587079931',NULL,0,'NORMAL',0,0,'2018-11-23 20:28:48','2018-11-30 19:28:45',0,'NO'),('U154297612873274322','顾沅镳',0,1,'2011-06-12','城建','22级','13905803805',NULL,0,'NORMAL',0,0,'2018-11-23 20:28:48','2018-11-30 19:29:04',0,'YES'),('U154297612873962204','刘俊彦',0,1,'2013-01-12','熊猫','','13587070810',NULL,0,'NORMAL',0,0,'2018-11-23 20:28:48','2018-11-30 19:29:21',0,'NO'),('U154297612874728642','金若言',0,1,'2013-11-12','城北','','13587081002',NULL,0,'NORMAL',0,0,'2018-11-23 20:28:48','2018-11-30 19:29:36',0,'NO'),('U154297612875517530','孙悦翔',0,1,'2013-12-13','颐景园','','13575614121',NULL,0,'NORMAL',0,0,'2018-11-23 20:28:48','2018-11-30 19:29:57',0,'NO'),('U154297612876577095','谢松廷',0,1,'2010-11-19','城北','','15957066526',NULL,0,'NORMAL',0,0,'2018-11-23 20:28:48','2018-11-30 19:30:11',0,'NO'),('U154297612877442659','周羿辰',0,1,'2011-12-26','熊猫','','15924003332',NULL,0,'NORMAL',0,0,'2018-11-23 20:28:48','2018-11-30 19:30:28',0,'NO'),('U154297612878236871','杨承谕',0,1,'2014-01-25','沈家门','','13567658273',NULL,0,'NORMAL',0,0,'2018-11-23 20:28:48','2018-11-30 19:30:42',0,'NO'),('U154297612879148919','傅韬谕',0,1,'2013-01-19','个人','','13750714141',NULL,0,'NORMAL',0,0,'2018-11-23 20:28:48','2018-11-30 19:31:01',0,'NO'),('U154297612880160461','俞博涵',0,1,'2010-10-15','一小','','13867223101',NULL,0,'NORMAL',0,0,'2018-11-23 20:28:48','2018-11-30 19:31:15',0,'NO'),('U154297612881025629','王林禄',0,1,'2013-08-23','颐景园','','13967214975',NULL,0,'NORMAL',0,0,'2018-11-23 20:28:48','2018-11-30 19:31:38',0,'NO'),('U154297612882222391','丁宇菲',0,2,'2013-03-22','颐景园','','15858072866',NULL,0,'NORMAL',0,0,'2018-11-23 20:28:48','2018-11-30 19:31:50',0,'NO'),('U154297612883308498','丁宇航',0,1,'2013-03-22','颐景园','','15858072866',NULL,0,'NORMAL',0,0,'2018-11-23 20:28:48','2018-11-30 19:32:02',0,'NO'),('U154297612884246493','刘珈妤',0,2,'2011-12-18','城北','','13567665575',NULL,0,'NORMAL',0,0,'2018-11-23 20:28:48','2018-11-30 19:32:23',0,'NO'),('U154297612885190350','胡轩豪',0,1,'2011-11-06','沈小','','13967233084',NULL,0,'NORMAL',0,0,'2018-11-23 20:28:48','2018-11-30 19:48:23',0,'NO'),('U154297612886151108','施兴海',0,1,'2012-09-05','荷叶湾','','18368092586',NULL,0,'NORMAL',0,0,'2018-11-23 20:28:48','2018-11-30 19:48:45',0,'NO'),('U154297612887216218','朱芷萱',0,2,'2010-01-01','四小','','15168068859',NULL,0,'NORMAL',0,0,'2018-11-23 20:28:48','2018-11-30 19:49:00',0,'NO'),('U154297612888285256','周庄挺',0,1,'2010-11-06','沈家门','23级','13957207385',NULL,0,'NORMAL',0,0,'2018-11-23 20:28:48','2018-11-30 19:49:20',0,'YES'),('U154297612889368756','沈子皓',0,1,'2012-04-16','北安','24级','15857076512',NULL,0,'NORMAL',0,0,'2018-11-23 20:28:48','2018-11-30 19:49:37',0,'YES'),('U154297612890382946','张哲瀚',0,2,'2012-03-30','三盛','','13867214752',NULL,0,'NORMAL',0,0,'2018-11-23 20:28:48','2018-11-30 19:50:00',0,'YES'),('U154297612891121829','陈沛泽',0,1,'2012-01-04','颐景园','24级','18967200386',NULL,0,'NORMAL',0,0,'2018-11-23 20:28:48','2018-11-30 19:50:25',0,'YES'),('U154297612892436531','史祝嘉',0,1,'2012-01-23','熊猫','21级','13587076832',NULL,0,'NORMAL',0,0,'2018-11-23 20:28:48','2018-11-30 19:50:49',0,'YES'),('U154297612893515499','倪睿婕',0,2,'2012-05-19','东港','23级','15958065966',NULL,0,'NORMAL',0,0,'2018-11-23 20:28:48','2018-11-30 19:51:07',0,'YES'),('U154297612894764275','胡真闻',0,1,'2012-05-15','','18级','13867211231',NULL,0,'NORMAL',0,0,'2018-11-23 20:28:48','2018-11-30 19:51:28',0,'YES'),('U154297612895806430','许博淳',0,1,'2011-11-11','三盛','20级','13758005215',NULL,0,'NORMAL',0,0,'2018-11-23 20:28:48','2018-11-30 19:51:53',0,'YES'),('U154297612896969963','林  诚',0,1,'2008-11-06','城建','16级','13587078393',NULL,0,'NORMAL',0,0,'2018-11-23 20:28:48','2018-11-30 19:52:10',0,'YES'),('U154297612897786149','汪展拓',0,1,'2006-01-16','熊猫','1段','13868240925',NULL,0,'NORMAL',0,0,'2018-11-23 20:28:48','2018-11-30 20:23:05',0,'YES'),('U154297612898798194','余佳润',0,1,'2007-04-28','熊猫','1段','18957218285',NULL,0,'NORMAL',0,0,'2018-11-23 20:28:48','2018-11-30 19:52:50',0,'YES'),('U154297612900522764','王舸瑜',0,1,'2005-03-31','沈小','1级','13587044200',NULL,0,'NORMAL',0,0,'2018-11-23 20:28:49','2018-11-30 18:22:22',0,'YES'),('U154297612901622996','娄峻帆',0,1,'2006-03-29','熊猫','1段','13868213668',NULL,0,'NORMAL',0,0,'2018-11-23 20:28:49','2018-11-30 18:22:48',0,'YES'),('U154297612902890344','高浩力',0,1,'2008-07-22','城建','2段','13515805819',NULL,0,'NORMAL',0,0,'2018-11-23 20:28:49','2018-11-30 18:23:06',0,'YES'),('U154297612903692999','郑鉴原',0,1,'2006-12-05','蓝盾','4级','13857209083',NULL,0,'NORMAL',0,0,'2018-11-23 20:28:49','2018-11-30 18:23:29',0,'YES'),('U154297612904682772','陈玫羽',0,2,'2007-08-31','沈小','4级','13857202252',NULL,0,'NORMAL',0,0,'2018-11-23 20:28:49','2018-11-30 18:24:16',0,'YES'),('U154297612905536900','李柏璋',0,1,'2009-03-18','洞洞','7级','18606807770',NULL,0,'NORMAL',0,0,'2018-11-23 20:28:49','2018-11-30 18:24:38',0,'YES'),('U154297612906505385','郑文哲',0,1,'2007-06-07','一小','1段','13705806835',NULL,0,'NORMAL',0,0,'2018-11-23 20:28:49','2018-11-30 18:25:05',0,'YES'),('U154297612907692155','李晨灏',0,1,'2010-06-29','熊猫','4级','13967209004',NULL,0,'NORMAL',0,0,'2018-11-23 20:28:49','2018-11-30 18:25:25',0,'YES'),('U154297612908598724','洪子然',0,1,'2007-07-30','熊猫','1段','13506801869',NULL,0,'DROP_OUT',0,0,'2018-11-23 20:28:49','2018-11-30 19:36:03',0,'YES'),('U154297612909446490','施翔耀',0,1,'2009-01-26','城建','2级','15957059366',NULL,0,'NORMAL',0,0,'2018-11-23 20:28:49','2018-11-30 18:30:41',0,'YES'),('U154297612910065211','陆沾锦',0,1,'2005-10-12','一小','','13675806078',NULL,0,'NORMAL',0,0,'2018-11-23 20:28:49','2018-11-30 18:47:05',0,'NO'),('U154297612910858831','李奕娴',0,2,'2009-11-08','实验','1段','13867231209',NULL,0,'NORMAL',0,0,'2018-11-23 20:28:49','2018-11-30 18:31:17',0,'YES'),('U154297612911608433','倪彬哲',0,1,'2008-10-20','沈小','1级','13967236398',NULL,0,'NORMAL',0,0,'2018-11-23 20:28:49','2018-12-01 12:37:11',0,'YES'),('U154297612912422085','张真豪',0,1,'2010-08-04','沈小','20级','18042298650',NULL,0,'NORMAL',0,-1,'2018-11-23 20:28:49','2018-12-05 14:35:58',0,'YES'),('U154297612913377745','刘炎松',0,1,'2011-07-24','沈小','20级','13515809246',NULL,0,'NORMAL',0,-1,'2018-11-23 20:28:49','2018-12-05 14:35:58',0,'YES'),('U154297612914099932','王羿皓',0,1,'2011-09-20','新城六','18级','13575616633',NULL,0,'NORMAL',0,0,'2018-11-23 20:28:49','2018-11-30 18:37:19',0,'YES'),('U154297612914875144','刘津源',0,1,'2011-04-15','沈小','9级','13082866959',NULL,0,'NORMAL',0,-1,'2018-11-23 20:28:49','2018-12-05 14:35:58',0,'YES'),('U154297612915510282','泮政宇',0,1,'2011-03-27','沈小','10级','13750711265',NULL,0,'NORMAL',0,-1,'2018-11-23 20:28:49','2018-12-05 14:35:58',0,'YES'),('U154297612916408356','戎柏臻',0,1,'2010-03-01','蓝盾','16级','13867233340',NULL,0,'NORMAL',0,-1,'2018-11-23 20:28:49','2018-12-05 14:35:58',0,'YES'),('U154297612917466735','虞铮楠',0,1,'2007-07-23','四小','24级','13615802673',NULL,0,'NORMAL',0,0,'2018-11-23 20:28:49','2018-11-30 18:39:57',0,'YES'),('U154297612918424818','何政磊',0,1,'2011-03-01','育华','13级','13706808607',NULL,0,'NORMAL',0,0,'2018-11-23 20:28:49','2018-11-30 18:40:15',0,'YES'),('U154297612919548205','周冠辰',0,1,'2011-03-29','普陀小学','20级','13656826154',NULL,0,'NORMAL',0,-3,'2018-11-23 20:28:49','2018-12-03 09:29:49',0,'YES'),('U154297612920533864','陈奕天',0,1,'2009-03-30','沈一小','12级','13967228143',NULL,0,'NORMAL',0,0,'2018-11-23 20:28:49','2018-11-30 18:41:12',0,'YES'),('U154297612921416024','王瑞泽',0,1,'2010-09-09','沈一小','14级','13750718384',NULL,0,'NORMAL',0,0,'2018-11-23 20:28:49','2018-11-30 18:41:33',0,'YES'),('U154297612922283726','冯子渝',0,1,'2010-10-24','鲁家','21级','15336848517',NULL,0,'NORMAL',0,0,'2018-11-23 20:28:49','2018-11-30 18:41:49',0,'YES'),('U154297612923317346','方柏昊',0,1,'2010-05-01','沈小','20级','13567658229',NULL,0,'NORMAL',0,-1,'2018-11-23 20:28:49','2018-12-05 14:35:58',0,'YES'),('U154297612924509197','施博觉',0,1,'2012-02-07','荷叶湾','19级','13665818766',NULL,0,'NORMAL',0,-1,'2018-11-23 20:28:49','2018-12-05 14:35:58',0,'YES'),('U154297612925675048','刘子立',0,1,'2012-05-03','熊猫','20级','13735029706',NULL,0,'NORMAL',0,-1,'2018-11-23 20:28:49','2018-12-05 14:35:58',0,'YES'),('U154297612926634179','虞轶涵',0,2,'2012-05-31','熊猫','','13645805580',NULL,0,'NORMAL',0,-1,'2018-11-23 20:28:49','2018-12-05 14:35:58',0,'YES'),('U154297612927642713','丁韦涵',0,1,'2011-01-02','北安','23级','13906802353',NULL,0,'NORMAL',0,0,'2018-11-23 20:28:49','2018-11-30 18:43:59',0,'YES'),('U154297612928887309','沈彥佐',0,1,'2011-03-21','颐景园','23级','15958086991',NULL,0,'NORMAL',0,0,'2018-11-23 20:28:49','2018-11-30 18:44:26',0,'YES'),('U154297612929697524','刘芮汐',0,1,'2012-07-07','北安','','18058046700',NULL,0,'NORMAL',0,0,'2018-11-23 20:28:49','2018-11-30 18:45:08',0,'NO'),('U154297612930573927','吴冠辰',0,1,'2009-09-23','沈小','','13567685094',NULL,0,'NORMAL',0,0,'2018-11-23 20:28:49','2018-11-30 18:45:00',0,'NO'),('U154297612931421635','李涵宸',0,1,'2010-05-03','普陀小学','24级','13868208820',NULL,0,'NORMAL',0,0,'2018-11-23 20:28:49','2018-11-30 18:45:29',0,'YES'),('U154297612932474369','周煜皓',0,1,'2007-10-22','沈四小','9级','13136420905',NULL,0,'NORMAL',0,0,'2018-11-23 20:28:49','2018-11-30 18:45:48',0,'YES'),('U154297612933334748','张炎凌',0,1,'2010-07-24','蓝盾','17','13867205032',NULL,0,'DROP_OUT',0,0,'2018-11-23 20:28:49','2018-11-30 18:46:51',0,NULL),('U154297612934099434','杨雯喧',0,1,'2009-05-27','沈小','23级','13705806560',NULL,0,'NORMAL',0,0,'2018-11-23 20:28:49','2018-11-30 18:48:58',0,'YES'),('U154297612934706634','沈柏宇',0,1,'2008-02-02','一小','','13306803322',NULL,0,'NORMAL',0,0,'2018-11-23 20:28:49','2018-11-30 18:49:31',0,'NO'),('U154297612935407598','牟咨臻',0,2,'2008-01-16','沈小','10级','13857215892',NULL,0,'NORMAL',0,0,'2018-11-23 20:28:49','2018-11-30 18:49:53',0,'YES'),('U154297612936257141','张淳皓',0,2,'2012-05-07','三盛','','13967206906',NULL,0,'NORMAL',0,0,'2018-11-23 20:28:49','2018-12-01 12:37:36',0,'NO'),('U154297612936924260','杜铭杰',0,1,'2011-08-29','沈小','22级','13758029755',NULL,0,'NORMAL',0,-1,'2018-11-23 20:28:49','2018-12-05 14:35:58',0,'YES'),('U154297612937686202','李林桓',0,1,'2008-06-21','沈小','18级','13587051626',NULL,0,'NORMAL',0,0,'2018-11-23 20:28:49','2018-11-30 18:50:50',0,'YES'),('U154297612939250796','徐一然',0,1,'2009-01-01','熊猫','19级','13967209974',NULL,0,'NORMAL',0,0,'2018-11-23 20:28:49','2018-11-30 18:51:23',0,'YES'),('U154297612940156690','叶祖延',0,1,'2009-08-05','一小','19级','13666705035',NULL,0,'NORMAL',0,0,'2018-11-23 20:28:49','2018-11-30 18:51:49',0,'YES'),('U154297612940933555','朱雨墨',0,1,'2011-05-16','普陀小学','22级','13957226563',NULL,0,'NORMAL',0,0,'2018-11-23 20:28:49','2018-11-30 18:52:09',0,'YES'),('U154297612941878232','江晨烁',0,1,'2012-06-28','东港','','13656803988',NULL,0,'NORMAL',0,0,'2018-11-23 20:28:49','2018-11-30 18:52:29',0,'NO'),('U154297612942524616','林尚轩',0,1,'2012-09-10','和润','','13750717574',NULL,0,'NORMAL',0,0,'2018-11-23 20:28:49','2018-11-30 18:53:13',0,'NO'),('U154297612943371635','吴谦睿',0,1,'2012-11-20','熊猫','','13884318290',NULL,0,'NORMAL',0,0,'2018-11-23 20:28:49','2018-11-30 18:53:35',0,'YES'),('U154297612944051940','施童捷',0,1,'2012-03-30','熊猫','23级','13857215815',NULL,0,'NORMAL',0,0,'2018-11-23 20:28:49','2018-11-30 18:54:09',0,'YES'),('U154297612944899324','方彦栋',0,1,'2012-01-26','熊猫','','13655803080',NULL,0,'NORMAL',0,0,'2018-11-23 20:28:49','2018-11-30 18:54:39',0,'YES'),('U154297612945589084','竺帅辰',0,1,'2012-03-06','熊猫','24级','13506801383',NULL,0,'NORMAL',0,-1,'2018-11-23 20:28:49','2018-12-05 14:35:58',0,'YES'),('U154297612946213793','吴陈熙',0,1,'2012-06-28','熊猫','22级','13967214349',NULL,0,'NORMAL',0,0,'2018-11-23 20:28:49','2018-11-30 18:55:28',0,'YES'),('U154297612947095478','杜少璞',0,1,'2012-09-11','熊猫','','13967206336',NULL,0,'NORMAL',0,0,'2018-11-23 20:28:49','2018-11-30 18:55:54',0,'YES'),('U154297612947799938','潘相予',0,1,'2008-08-31','沈小','9级','18058026630',NULL,0,'NORMAL',0,0,'2018-11-23 20:28:49','2018-11-30 18:56:20',0,'YES'),('U154297612948583512','王俊寓',0,1,'2009-12-20','沈小','20级','13735018756',NULL,0,'NORMAL',0,0,'2018-11-23 20:28:49','2018-11-30 18:56:48',0,'YES'),('U154297612949397565','徐铭浩',0,2,'2009-10-30','沈小','22级','15924039538',NULL,0,'NORMAL',0,0,'2018-11-23 20:28:49','2018-11-30 18:57:13',0,'YES'),('U154297612950156685','徐浩杰',0,1,'2009-10-10','普陀小学','22级','13454095956',NULL,0,'NORMAL',0,0,'2018-11-23 20:28:49','2018-11-30 18:57:45',0,'YES'),('U154297612950955907','林宸豪',0,1,'2011-07-02','普陀小学','9级','13884303156',NULL,0,'NORMAL',0,0,'2018-11-23 20:28:49','2018-11-30 18:58:13',0,'YES'),('U154297612951869941','马语蔚',0,1,'2011-02-20','普小','14级','13967206465',NULL,0,'NORMAL',0,0,'2018-11-23 20:28:49','2018-11-30 18:58:37',0,'YES'),('U154297612952766687','黄宣瑜',0,1,'2011-12-31','和津苑','22级','18969233098',NULL,0,'NORMAL',0,0,'2018-11-23 20:28:49','2018-11-30 18:59:14',0,'YES'),('U154297612953569157','郑博予',0,1,'2011-08-29','蓝盾','','13967216872',NULL,0,'NORMAL',0,0,'2018-11-23 20:28:49','2018-11-30 18:59:53',0,'NO'),('U154297612954202620','顾晨左',0,1,'2012-04-23','实验','','13857228966',NULL,0,'NORMAL',0,0,'2018-11-23 20:28:49','2018-11-30 19:00:08',0,'NO'),('U154297612955087166','高毓泽',0,1,'2012-05-02','实验','','13967205990',NULL,0,'NORMAL',0,0,'2018-11-23 20:28:49','2018-11-30 19:00:26',0,'NO'),('U154297612955797241','蒋佳辰',0,1,'2012-05-18','实验','','13506800991',NULL,0,'NORMAL',0,0,'2018-11-23 20:28:49','2018-11-30 19:00:44',0,'NO'),('U154297612956656179','虞卓骏',0,1,'2012-08-08','实验','','13867208400',NULL,0,'NORMAL',0,0,'2018-11-23 20:28:49','2018-11-30 19:00:59',0,'NO'),('U154297612957371488','朱珉磊',0,1,'2013-03-11','城建','','18967238048',NULL,0,'NORMAL',0,0,'2018-11-23 20:28:49','2018-11-30 19:01:13',0,'NO'),('U154297612958011939','张哲毓',0,1,'2012-11-09','北安','','13857217136',NULL,0,'NORMAL',0,0,'2018-11-23 20:28:49','2018-11-30 19:01:29',0,'NO'),('U154297612958813558','陈舟煜',0,1,'2013-01-24','北安','','13675806112',NULL,0,'NORMAL',0,0,'2018-11-23 20:28:49','2018-11-30 19:01:46',0,'NO'),('U154297612959566094','陈凯鑫',0,1,'2013-05-09','颐景园','','13857232488',NULL,0,'NORMAL',0,0,'2018-11-23 20:28:49','2018-11-30 19:02:01',0,'NO'),('U154297612960213303','姜柏丞',0,1,'2010-11-26','沈一小','','15068007077',NULL,0,'NORMAL',0,0,'2018-11-23 20:28:49','2018-11-30 19:02:16',0,'NO'),('U154297612960946144','虞思贤',0,1,'2012-08-06','城建','','13857207412',NULL,0,'NORMAL',0,0,'2018-11-23 20:28:49','2018-11-30 19:02:34',0,'NO'),('U154297612961868525','王千亦',0,1,'2012-01-01','城建','','13306807088',NULL,0,'NORMAL',0,0,'2018-11-23 20:28:49','2018-11-30 19:02:49',0,'NO'),('U154297612962545812','周奕轩',0,1,'2013-03-21','','','13867221789',NULL,0,'NORMAL',0,0,'2018-11-23 20:28:49','2018-11-30 19:03:12',0,'NO'),('U154297612963369542','张昊聘',0,1,'2013-05-14','沈家门','','13567655557',NULL,0,'NORMAL',0,0,'2018-11-23 20:28:49','2018-11-30 19:03:40',0,'NO'),('U154297612964071412','虞铠瑄',0,1,'2011-04-01','城建','23级','13362805153',NULL,0,'NORMAL',0,0,'2018-11-23 20:28:49','2018-11-30 19:04:02',0,'YES'),('U154297612964899118','卢嘉晨',0,1,'2012-09-20','物资','','13140849139',NULL,0,'NORMAL',0,0,'2018-11-23 20:28:49','2018-11-30 19:04:22',0,'NO'),('U154297612965547999','吴秉泽',0,1,'2012-06-10','城建','','13867238881',NULL,0,'NORMAL',0,0,'2018-11-23 20:28:49','2018-11-30 19:04:37',0,'NO'),('U154297612966217391','金彦含',0,1,'2008-07-08','蓝盾','','13857226558',NULL,0,'NORMAL',0,0,'2018-11-23 20:28:49','2018-11-30 19:04:53',0,'NO'),('U154297612966971030','黄禹哲',0,1,'2008-10-09','沈小','3级','13587077711',NULL,0,'NORMAL',0,0,'2018-11-23 20:28:49','2018-11-30 19:05:14',0,'NO'),('U154297612967796172','余昊泽',0,1,'2012-06-13','沈小','','13506605986',NULL,0,'NORMAL',0,0,'2018-11-23 20:28:49','2018-11-30 19:06:10',0,'NO');

/*Table structure for table `tg_study_student_course_rel` */

DROP TABLE IF EXISTS `tg_study_student_course_rel`;

CREATE TABLE `tg_study_student_course_rel` (
  `id` varchar(64) NOT NULL,
  `course_id` varchar(64) DEFAULT NULL,
  `course_name` varchar(64) DEFAULT NULL,
  `student_id` varchar(64) DEFAULT NULL,
  `student_name` varchar(64) DEFAULT NULL,
  `status` varchar(16) DEFAULT NULL,
  `create_time` datetime DEFAULT NULL,
  `update_time` datetime DEFAULT NULL,
  `classroom_id` varchar(64) DEFAULT NULL,
  `classroom_name` varchar(64) DEFAULT NULL,
  `course_time` varchar(32) DEFAULT NULL,
  `course_week_info` tinyint(2) DEFAULT NULL,
  `teacher_id` varchar(64) DEFAULT NULL,
  `teacher_name` varchar(64) DEFAULT NULL,
  `sign_type` varchar(32) DEFAULT 'NORMAL',
  PRIMARY KEY (`id`)
) ENGINE=InnoDB DEFAULT CHARSET=utf8;

/*Data for the table `tg_study_student_course_rel` */

insert  into `tg_study_student_course_rel`(`id`,`course_id`,`course_name`,`student_id`,`student_name`,`status`,`create_time`,`update_time`,`classroom_id`,`classroom_name`,`course_time`,`course_week_info`,`teacher_id`,`teacher_name`,`sign_type`) values ('24848951417508','U154285648373308696','周宏斌星期三5','U154297612919548205','周冠辰','EXIT_COURSE','2018-12-03 15:52:06','2018-12-04 14:49:02','U154278944159689965','灵秀一','18:30-20:00',3,'U154278954605976028','周宏斌','SIGN_AS_HAS'),('U154331691968777112','U154331618506003732','蒋杰星期二5','U154297612704860994','朱奕臻','NORMAL','2018-11-27 19:08:40',NULL,'U154278948205280404','碧海三','18:30-20:00',2,'U154278962301569613','蒋杰','NORMAL'),('U154331701397804524','U154285565174266606','周宏斌星期二5','U154297612916408356','戎柏臻','NORMAL','2018-11-27 19:10:14',NULL,'U154278944159689965','灵秀一','18:30-20:00',2,'U154278954605976028',NULL,'NORMAL'),('U154331704749107265','U154285565174266606','周宏斌星期二5','U154297612912422085','张真豪','NORMAL','2018-11-27 19:10:47',NULL,'U154278944159689965','灵秀一','18:30-20:00',2,'U154278954605976028',NULL,'NORMAL'),('U154331707306786022','U154285565174266606','周宏斌星期二5','U154297612913377745','刘炎松','NORMAL','2018-11-27 19:11:13',NULL,'U154278944159689965','灵秀一','18:30-20:00',2,'U154278954605976028',NULL,'NORMAL'),('U154331709192584835','U154285565174266606','周宏斌星期二5','U154297612914875144','刘津源','NORMAL','2018-11-27 19:11:32',NULL,'U154278944159689965','灵秀一','18:30-20:00',2,'U154278954605976028',NULL,'NORMAL'),('U154331710929716887','U154285565174266606','周宏斌星期二5','U154297612915510282','泮政宇','NORMAL','2018-11-27 19:11:49',NULL,'U154278944159689965','灵秀一','18:30-20:00',2,'U154278954605976028',NULL,'NORMAL'),('U154331712523984476','U154285565174266606','周宏斌星期二5','U154297612936924260','杜铭杰','NORMAL','2018-11-27 19:12:05',NULL,'U154278944159689965','灵秀一','18:30-20:00',2,'U154278954605976028',NULL,'NORMAL'),('U154331714051713129','U154285565174266606','周宏斌星期二5','U154297612925675048','刘子立','NORMAL','2018-11-27 19:12:21',NULL,'U154278944159689965','灵秀一','18:30-20:00',2,'U154278954605976028',NULL,'NORMAL'),('U154331716543311928','U154285668918106780','周宏斌星期六4','U154297612925675048','刘子立','NORMAL','2018-11-27 19:12:45',NULL,'U154278944159689965','灵秀一','15:30-17:00',6,'U154278954605976028','周宏斌','NORMAL'),('U154331725156621899','U154285565174266606','周宏斌星期二5','U154297612923317346','方柏昊','NORMAL','2018-11-27 19:14:12',NULL,'U154278944159689965','灵秀一','18:30-20:00',2,'U154278954605976028',NULL,'NORMAL'),('U154331725925432010','U154285668918106780','周宏斌星期六4','U154297612923317346','方柏昊','EXIT_COURSE','2018-11-27 19:14:19','2018-11-27 19:14:52','U154278944159689965','灵秀一','15:30-17:00',6,'U154278954605976028','周宏斌','NORMAL'),('U154331730824092822','U154285668918106780','周宏斌星期六4','U154297612923317346','方柏昊','NORMAL','2018-11-27 19:15:08',NULL,'U154278944159689965','灵秀一','15:30-17:00',6,'U154278954605976028','周宏斌','NORMAL'),('U154331732753968913','U154285565174266606','周宏斌星期二5','U154297612919548205','周冠辰','EXIT_COURSE','2018-11-27 19:15:28','2018-12-04 14:47:31','U154278944159689965','灵秀一','18:30-20:00',2,'U154278954605976028',NULL,'NORMAL'),('U154331733548731210','U154285668918106780','周宏斌星期六4','U154297612919548205','周冠辰','EXIT_COURSE','2018-11-27 19:15:35','2018-12-04 14:49:16','U154278944159689965','灵秀一','15:30-17:00',6,'U154278954605976028','周宏斌','NORMAL'),('U154331735608876527','U154285565174266606','周宏斌星期二5','U154297612926634179','虞轶涵','NORMAL','2018-11-27 19:15:56',NULL,'U154278944159689965','灵秀一','18:30-20:00',2,'U154278954605976028',NULL,'NORMAL'),('U154331736715526074','U154285668918106780','周宏斌星期六4','U154297612926634179','虞轶涵','EXIT_COURSE','2018-11-27 19:16:07','2018-11-27 19:16:21','U154278944159689965','灵秀一','15:30-17:00',6,'U154278954605976028','周宏斌','NORMAL'),('U154331738997277036','U154285669967069011','周宏斌星期六5','U154297612926634179','虞轶涵','NORMAL','2018-11-27 19:16:30',NULL,'U154278944159689965','灵秀一','18:30-20:00',6,'U154278954605976028','周宏斌','NORMAL'),('U154331743279774053','U154285565174266606','周宏斌星期二5','U154297612924509197','施博觉','NORMAL','2018-11-27 19:17:13',NULL,'U154278944159689965','灵秀一','18:30-20:00',2,'U154278954605976028',NULL,'NORMAL'),('U154331744112787059','U154285669967069011','周宏斌星期六5','U154297612924509197','施博觉','NORMAL','2018-11-27 19:17:21',NULL,'U154278944159689965','灵秀一','18:30-20:00',6,'U154278954605976028','周宏斌','NORMAL'),('U154331746142363443','U154285565174266606','周宏斌星期二5','U154297612945589084','竺帅辰','NORMAL','2018-11-27 19:17:41',NULL,'U154278944159689965','灵秀一','18:30-20:00',2,'U154278954605976028',NULL,'NORMAL'),('U154331747734869160','U154285669967069011','周宏斌星期六5','U154297612945589084','竺帅辰','NORMAL','2018-11-27 19:17:57',NULL,'U154278944159689965','灵秀一','18:30-20:00',6,'U154278954605976028','周宏斌','NORMAL'),('U154331749881395720','U154285651121458136','周宏斌星期五5','U154297612920533864','陈奕天','NORMAL','2018-11-27 19:18:19',NULL,'U154278944159689965','灵秀一','18:30-20:00',5,'U154278954605976028','周宏斌','NORMAL'),('U154331750629248991','U154285668918106780','周宏斌星期六4','U154297612920533864','陈奕天','NORMAL','2018-11-27 19:18:26',NULL,'U154278944159689965','灵秀一','15:30-17:00',6,'U154278954605976028','周宏斌','NORMAL'),('U154331754024183740','U154285651121458136','周宏斌星期五5','U154297612917466735','虞铮楠','NORMAL','2018-11-27 19:19:00',NULL,'U154278944159689965','灵秀一','18:30-20:00',5,'U154278954605976028','周宏斌','NORMAL'),('U154331755107171520','U154285667675426054','周宏斌星期六3','U154297612917466735','虞铮楠','NORMAL','2018-11-27 19:19:11',NULL,'U154278944159689965','灵秀一','13:30-15:00',6,'U154278954605976028','周宏斌','NORMAL'),('U154331757190355633','U154285667675426054','周宏斌星期六3','U154297612929697524','刘芮汐','NORMAL','2018-11-27 19:19:32',NULL,'U154278944159689965','灵秀一','13:30-15:00',6,'U154278954605976028','周宏斌','NORMAL'),('U154331759509387842','U154285667675426054','周宏斌星期六3','U154297612930573927','吴冠辰','NORMAL','2018-11-27 19:19:55',NULL,'U154278944159689965','灵秀一','13:30-15:00',6,'U154278954605976028','周宏斌','NORMAL'),('U154331761317511241','U154285667675426054','周宏斌星期六3','U154297612936257141','张淳皓','NORMAL','2018-11-27 19:20:13',NULL,'U154278944159689965','灵秀一','13:30-15:00',6,'U154278954605976028','周宏斌','NORMAL'),('U154331763136672186','U154285648373308696','周宏斌星期三5','U154297612754647454','翁晨越','NORMAL','2018-11-27 19:20:31',NULL,'U154278944159689965','灵秀一','18:30-20:00',3,'U154278954605976028','周宏斌','NORMAL'),('U154331764202964008','U154285667675426054','周宏斌星期六3','U154297612754647454','翁晨越','NORMAL','2018-11-27 19:20:42',NULL,'U154278944159689965','灵秀一','13:30-15:00',6,'U154278954605976028','周宏斌','NORMAL'),('U154331766760137452','U154285648373308696','周宏斌星期三5','U154297612944051940','施童捷','NORMAL','2018-11-27 19:21:08',NULL,'U154278944159689965','灵秀一','18:30-20:00',3,'U154278954605976028','周宏斌','NORMAL'),('U154331767474506971','U154285667675426054','周宏斌星期六3','U154297612944051940','施童捷','NORMAL','2018-11-27 19:21:15',NULL,'U154278944159689965','灵秀一','13:30-15:00',6,'U154278954605976028','周宏斌','NORMAL'),('U154331769648195884','U154285648373308696','周宏斌星期三5','U154297612940933555','朱雨墨','NORMAL','2018-11-27 19:21:36',NULL,'U154278944159689965','灵秀一','18:30-20:00',3,'U154278954605976028','周宏斌','NORMAL'),('U154331770288879315','U154285667675426054','周宏斌星期六3','U154297612940933555','朱雨墨','NORMAL','2018-11-27 19:21:43',NULL,'U154278944159689965','灵秀一','13:30-15:00',6,'U154278954605976028','周宏斌','NORMAL'),('U154331771968715287','U154285648373308696','周宏斌星期三5','U154297612943371635','吴谦睿','NORMAL','2018-11-27 19:22:00',NULL,'U154278944159689965','灵秀一','18:30-20:00',3,'U154278954605976028','周宏斌','NORMAL'),('U154331772720647366','U154285667675426054','周宏斌星期六3','U154297612943371635','吴谦睿','NORMAL','2018-11-27 19:22:07',NULL,'U154278944159689965','灵秀一','13:30-15:00',6,'U154278954605976028','周宏斌','NORMAL'),('U154331774328153722','U154285648373308696','周宏斌星期三5','U154297612941878232','江晨烁','NORMAL','2018-11-27 19:22:23',NULL,'U154278944159689965','灵秀一','18:30-20:00',3,'U154278954605976028','周宏斌','NORMAL'),('U154331775175616341','U154285667675426054','周宏斌星期六3','U154297612941878232','江晨烁','NORMAL','2018-11-27 19:22:32',NULL,'U154278944159689965','灵秀一','13:30-15:00',6,'U154278954605976028','周宏斌','NORMAL'),('U154331777002873537','U154285648373308696','周宏斌星期三5','U154297612942524616','林尚轩','NORMAL','2018-11-27 19:22:50',NULL,'U154278944159689965','灵秀一','18:30-20:00',3,'U154278954605976028','周宏斌','NORMAL'),('U154331777629187352','U154285667675426054','周宏斌星期六3','U154297612942524616','林尚轩','NORMAL','2018-11-27 19:22:56',NULL,'U154278944159689965','灵秀一','13:30-15:00',6,'U154278954605976028','周宏斌','NORMAL'),('U154331779274536002','U154285648373308696','周宏斌星期三5','U154297612947095478','杜少璞','NORMAL','2018-11-27 19:23:13',NULL,'U154278944159689965','灵秀一','18:30-20:00',3,'U154278954605976028','周宏斌','NORMAL'),('U154331779927979679','U154285674483362792','周宏斌星期天5','U154297612947095478','杜少璞','NORMAL','2018-11-27 19:23:19',NULL,'U154278948205280404','碧海三','18:30-20:00',7,'U154278954605976028','周宏斌','NORMAL'),('U154331782468981979','U154285648373308696','周宏斌星期三5','U154297612944899324','方彦栋','NORMAL','2018-11-27 19:23:45',NULL,'U154278944159689965','灵秀一','18:30-20:00',3,'U154278954605976028','周宏斌','NORMAL'),('U154331783126778134','U154285669967069011','周宏斌星期六5','U154297612944899324','方彦栋','NORMAL','2018-11-27 19:23:51',NULL,'U154278944159689965','灵秀一','18:30-20:00',6,'U154278954605976028','周宏斌','NORMAL'),('U154331785913430884','U154285648373308696','周宏斌星期三5','U154297612946213793','吴陈熙','NORMAL','2018-11-27 19:24:19',NULL,'U154278944159689965','灵秀一','18:30-20:00',3,'U154278954605976028','周宏斌','NORMAL'),('U154331786599367788','U154285669967069011','周宏斌星期六5','U154297612946213793','吴陈熙','NORMAL','2018-11-27 19:24:26',NULL,'U154278944159689965','灵秀一','18:30-20:00',6,'U154278954605976028','周宏斌','NORMAL'),('U154331788443352997','U154285669967069011','周宏斌星期六5','U154297612935407598','牟咨臻','NORMAL','2018-11-27 19:24:44',NULL,'U154278944159689965','灵秀一','18:30-20:00',6,'U154278954605976028','周宏斌','NORMAL'),('U154331789997093832','U154285669967069011','周宏斌星期六5','U154297612934706634','沈柏宇','NORMAL','2018-11-27 19:25:00',NULL,'U154278944159689965','灵秀一','18:30-20:00',6,'U154278954605976028','周宏斌','NORMAL'),('U154331792592342729','U154285669967069011','周宏斌星期六5','U154297612934099434','杨雯喧','NORMAL','2018-11-27 19:25:26',NULL,'U154278944159689965','灵秀一','18:30-20:00',6,'U154278954605976028','周宏斌','NORMAL'),('U154331805830043765','U154285669967069011','周宏斌星期六5','U154297612940156690','叶祖延','NORMAL','2018-11-27 19:27:38',NULL,'U154278944159689965','灵秀一','18:30-20:00',6,'U154278954605976028','周宏斌','NORMAL'),('U154331807985554023','U154285651121458136','周宏斌星期五5','U154297612914099932','王羿皓','NORMAL','2018-11-27 19:28:00',NULL,'U154278944159689965','灵秀一','18:30-20:00',5,'U154278954605976028','周宏斌','NORMAL'),('U154331809743461807','U154285651121458136','周宏斌星期五5','U154297612927642713','丁韦涵','NORMAL','2018-11-27 19:28:17',NULL,'U154278944159689965','灵秀一','18:30-20:00',5,'U154278954605976028','周宏斌','NORMAL'),('U154331811506459993','U154285651121458136','周宏斌星期五5','U154297612950955907','林宸豪','NORMAL','2018-11-27 19:28:35',NULL,'U154278944159689965','灵秀一','18:30-20:00',5,'U154278954605976028','周宏斌','NORMAL'),('U154331813374338558','U154285651121458136','周宏斌星期五5','U154297612951869941','马语蔚','NORMAL','2018-11-27 19:28:54',NULL,'U154278944159689965','灵秀一','18:30-20:00',5,'U154278954605976028','周宏斌','NORMAL'),('U154331814939281901','U154285651121458136','周宏斌星期五5','U154297612948583512','王俊寓','NORMAL','2018-11-27 19:29:09',NULL,'U154278944159689965','灵秀一','18:30-20:00',5,'U154278954605976028','周宏斌','NORMAL'),('U154331816653625784','U154285651121458136','周宏斌星期五5','U154297612947799938','潘相予','NORMAL','2018-11-27 19:29:27',NULL,'U154278944159689965','灵秀一','18:30-20:00',5,'U154278954605976028','周宏斌','NORMAL'),('U154331818302137159','U154285651121458136','周宏斌星期五5','U154297612949397565','徐铭浩','NORMAL','2018-11-27 19:29:43',NULL,'U154278944159689965','灵秀一','18:30-20:00',5,'U154278954605976028','周宏斌','NORMAL'),('U154331820112017246','U154285651121458136','周宏斌星期五5','U154297612950156685','徐浩杰','NORMAL','2018-11-27 19:30:01',NULL,'U154278944159689965','灵秀一','18:30-20:00',5,'U154278954605976028','周宏斌','NORMAL'),('U154331821903304110','U154285651121458136','周宏斌星期五5','U154297612939250796','徐一然','NORMAL','2018-11-27 19:30:19',NULL,'U154278944159689965','灵秀一','18:30-20:00',5,'U154278954605976028','周宏斌','NORMAL'),('U154331823489662613','U154285651121458136','周宏斌星期五5','U154297612822637630','孙译辰','NORMAL','2018-11-27 19:30:35',NULL,'U154278944159689965','灵秀一','18:30-20:00',5,'U154278954605976028','周宏斌','NORMAL'),('U154331825532212984','U154285651121458136','周宏斌星期五5','U154297612823611392','李承桦','NORMAL','2018-11-27 19:30:55',NULL,'U154278944159689965','灵秀一','18:30-20:00',5,'U154278954605976028','周宏斌','NORMAL'),('U154331827138785128','U154285674483362792','周宏斌星期天5','U154297612823611392','李承桦','EXIT_COURSE','2018-11-27 19:31:11','2018-11-27 19:31:25','U154278948205280404','碧海三','18:30-20:00',7,'U154278954605976028','周宏斌','NORMAL'),('U154331829893985167','U154285673148545401','周宏斌星期天4','U154297612823611392','李承桦','NORMAL','2018-11-27 19:31:39',NULL,'U154278948205280404','碧海三','15:30-17:00',7,'U154278954605976028','周宏斌','NORMAL'),('U154331832393066685','U154285671686326617','周宏斌星期天2','U154297612922283726','冯子渝','NORMAL','2018-11-27 19:32:04',NULL,'U154278948205280404','碧海三','9:00-10:30',7,'U154278954605976028','周宏斌','NORMAL'),('U154331834301989390','U154285671686326617','周宏斌星期天2','U154297612952766687','黄宣瑜','NORMAL','2018-11-27 19:32:23',NULL,'U154278948205280404','碧海三','9:00-10:30',7,'U154278954605976028','周宏斌','NORMAL'),('U154331835939700290','U154285671686326617','周宏斌星期天2','U154297612928887309','沈彥佐','NORMAL','2018-11-27 19:32:39',NULL,'U154278948205280404','碧海三','9:00-10:30',7,'U154278954605976028','周宏斌','NORMAL'),('U154331838682198297','U154285671686326617','周宏斌星期天2','U154297612787989534','包烜豪','NORMAL','2018-11-27 19:33:07',NULL,'U154278948205280404','碧海三','9:00-10:30',7,'U154278954605976028','周宏斌','NORMAL'),('U154331840442969364','U154285671686326617','周宏斌星期天2','U154297612786334162','黄子洋','EXIT_COURSE','2018-11-27 19:33:24','2018-11-29 18:30:02','U154278948205280404','碧海三','9:00-10:30',7,'U154278954605976028','周宏斌','NORMAL'),('U154331842091011444','U154285671686326617','周宏斌星期天2','U154297612787075664','蒋泽宇','NORMAL','2018-11-27 19:33:41',NULL,'U154278948205280404','碧海三','9:00-10:30',7,'U154278954605976028','周宏斌','NORMAL'),('U154331843647094083','U154285671686326617','周宏斌星期天2','U154297612782157325','马誉宸','NORMAL','2018-11-27 19:33:56',NULL,'U154278948205280404','碧海三','9:00-10:30',7,'U154278954605976028','周宏斌','NORMAL'),('U154331845238729277','U154285671686326617','周宏斌星期天2','U154297612783189848','邵润觉','NORMAL','2018-11-27 19:34:12',NULL,'U154278948205280404','碧海三','9:00-10:30',7,'U154278954605976028','周宏斌','NORMAL'),('U154331847288208700','U154285671686326617','周宏斌星期天2','U154297612783839872','胡闵皓','NORMAL','2018-11-27 19:34:33',NULL,'U154278948205280404','碧海三','9:00-10:30',7,'U154278954605976028','周宏斌','NORMAL'),('U154331849064159194','U154285671686326617','周宏斌星期天2','U154297612784622641','徐嘉豪','NORMAL','2018-11-27 19:34:51',NULL,'U154278948205280404','碧海三','9:00-10:30',7,'U154278954605976028','周宏斌','NORMAL'),('U154331850760207671','U154285668918106780','周宏斌星期六4','U154297612921416024','王瑞泽','NORMAL','2018-11-27 19:35:08',NULL,'U154278944159689965','灵秀一','15:30-17:00',6,'U154278954605976028','周宏斌','NORMAL'),('U154331857392099441','U154285668918106780','周宏斌星期六4','U154297612932474369','周煜皓','NORMAL','2018-11-27 19:36:14',NULL,'U154278944159689965','灵秀一','15:30-17:00',6,'U154278954605976028','周宏斌','NORMAL'),('U154331860577865784','U154285668918106780','周宏斌星期六4','U154297612918424818','何政磊','NORMAL','2018-11-27 19:36:46',NULL,'U154278944159689965','灵秀一','15:30-17:00',6,'U154278954605976028','周宏斌','NORMAL'),('U154331864854742579','U154285673148545401','周宏斌星期天4','U154297612796702445','虞健仰','NORMAL','2018-11-27 19:37:29',NULL,'U154278948205280404','碧海三','15:30-17:00',7,'U154278954605976028','周宏斌','NORMAL'),('U154331867063472347','U154285673148545401','周宏斌星期天4','U154297612793606065','严晨慧','NORMAL','2018-11-27 19:37:51',NULL,'U154278948205280404','碧海三','15:30-17:00',7,'U154278954605976028','周宏斌','NORMAL'),('U154331868849460044','U154285673148545401','周宏斌星期天4','U154297612792559183','余嘉硕','NORMAL','2018-11-27 19:38:08',NULL,'U154278948205280404','碧海三','15:30-17:00',7,'U154278954605976028','周宏斌','NORMAL'),('U154331870551675816','U154285673148545401','周宏斌星期天4','U154297612789515003','颜琳烨','NORMAL','2018-11-27 19:38:26',NULL,'U154278948205280404','碧海三','15:30-17:00',7,'U154278954605976028','周宏斌','NORMAL'),('U154331872422003037','U154285673148545401','周宏斌星期天4','U154297612790565230','李谨旭','NORMAL','2018-11-27 19:38:44',NULL,'U154278948205280404','碧海三','15:30-17:00',7,'U154278954605976028','周宏斌','NORMAL'),('U154331874319305060','U154285673148545401','周宏斌星期天4','U154297612791448277','张力匀','NORMAL','2018-11-27 19:39:03',NULL,'U154278948205280404','碧海三','15:30-17:00',7,'U154278954605976028','周宏斌','NORMAL'),('U154331876262978500','U154285673148545401','周宏斌星期天4','U154297612794500539','孙博艺','NORMAL','2018-11-27 19:39:23',NULL,'U154278948205280404','碧海三','15:30-17:00',7,'U154278954605976028','周宏斌','NORMAL'),('U154331878081232650','U154285673148545401','周宏斌星期天4','U154297612795348477','孔彦淇','NORMAL','2018-11-27 19:39:41',NULL,'U154278948205280404','碧海三','15:30-17:00',7,'U154278954605976028','周宏斌','NORMAL'),('U154331879908679861','U154285673148545401','周宏斌星期天4','U154297612796093668','刘辰昕','NORMAL','2018-11-27 19:39:59',NULL,'U154278948205280404','碧海三','15:30-17:00',7,'U154278954605976028','周宏斌','NORMAL'),('U154331881555951709','U154285673148545401','周宏斌星期天4','U154297612798184937','翁浩瀚','NORMAL','2018-11-27 19:40:16',NULL,'U154278948205280404','碧海三','15:30-17:00',7,'U154278954605976028','周宏斌','NORMAL'),('U154331883119910275','U154285673148545401','周宏斌星期天4','U154297612788753381','张宸豪','NORMAL','2018-11-27 19:40:31',NULL,'U154278948205280404','碧海三','15:30-17:00',7,'U154278954605976028','周宏斌','NORMAL'),('U154331884818138493','U154285673148545401','周宏斌星期天4','U154297612804791869','王  政','NORMAL','2018-11-27 19:40:48',NULL,'U154278948205280404','碧海三','15:30-17:00',7,'U154278954605976028','周宏斌','NORMAL'),('U154331886437979133','U154285654102487561','周宏斌星期四5','U154297612806756379','刘骐恺','NORMAL','2018-11-27 19:41:04',NULL,'U154278949320644493','碧海四','18:30-20:00',4,'U154278954605976028','周宏斌','NORMAL'),('U154331888293730385','U154285654102487561','周宏斌星期四5','U154297612797451167','李柏霖','NORMAL','2018-11-27 19:41:23',NULL,'U154278949320644493','碧海四','18:30-20:00',4,'U154278954605976028','周宏斌','NORMAL'),('U154331889008834700','U154285674483362792','周宏斌星期天5','U154297612797451167','李柏霖','NORMAL','2018-11-27 19:41:30',NULL,'U154278948205280404','碧海三','18:30-20:00',7,'U154278954605976028','周宏斌','NORMAL'),('U154331891341987051','U154285654102487561','周宏斌星期四5','U154297612805592752','陈泓睿','NORMAL','2018-11-27 19:41:53',NULL,'U154278949320644493','碧海四','18:30-20:00',4,'U154278954605976028','周宏斌','NORMAL'),('U154331891896042614','U154285669967069011','周宏斌星期六5','U154297612805592752','陈泓睿','EXIT_COURSE','2018-11-27 19:41:59','2018-11-29 18:24:20','U154278944159689965','灵秀一','18:30-20:00',6,'U154278954605976028','周宏斌','NORMAL'),('U154331893689089486','U154285654102487561','周宏斌星期四5','U154297612799865762','陈衍桦','NORMAL','2018-11-27 19:42:17',NULL,'U154278949320644493','碧海四','18:30-20:00',4,'U154278954605976028','周宏斌','NORMAL'),('U154331894332050298','U154285674483362792','周宏斌星期天5','U154297612799865762','陈衍桦','NORMAL','2018-11-27 19:42:23',NULL,'U154278948205280404','碧海三','18:30-20:00',7,'U154278954605976028','周宏斌','NORMAL'),('U154331896444574273','U154285654102487561','周宏斌星期四5','U154297612801524787','张沐晨','NORMAL','2018-11-27 19:42:44',NULL,'U154278949320644493','碧海四','18:30-20:00',4,'U154278954605976028','周宏斌','NORMAL'),('U154331897086669346','U154285674483362792','周宏斌星期天5','U154297612801524787','张沐晨','NORMAL','2018-11-27 19:42:51',NULL,'U154278948205280404','碧海三','18:30-20:00',7,'U154278954605976028','周宏斌','NORMAL'),('U154331898753066980','U154285654102487561','周宏斌星期四5','U154297612802385449','缪卓谕','NORMAL','2018-11-27 19:43:08',NULL,'U154278949320644493','碧海四','18:30-20:00',4,'U154278954605976028','周宏斌','NORMAL'),('U154331899330659157','U154285674483362792','周宏斌星期天5','U154297612802385449','缪卓谕','NORMAL','2018-11-27 19:43:13',NULL,'U154278948205280404','碧海三','18:30-20:00',7,'U154278954605976028','周宏斌','NORMAL'),('U154331901652978188','U154285654102487561','周宏斌星期四5','U154297612803154209','彭煜轩','NORMAL','2018-11-27 19:43:37',NULL,'U154278949320644493','碧海四','18:30-20:00',4,'U154278954605976028','周宏斌','NORMAL'),('U154331902224904431','U154285674483362792','周宏斌星期天5','U154297612803154209','彭煜轩','NORMAL','2018-11-27 19:43:42',NULL,'U154278948205280404','碧海三','18:30-20:00',7,'U154278954605976028','周宏斌','NORMAL'),('U154331903795211608','U154285654102487561','周宏斌星期四5','U154297612803821260','徐启然','NORMAL','2018-11-27 19:43:58',NULL,'U154278949320644493','碧海四','18:30-20:00',4,'U154278954605976028','周宏斌','NORMAL'),('U154331904482569249','U154285674483362792','周宏斌星期天5','U154297612803821260','徐启然','NORMAL','2018-11-27 19:44:05',NULL,'U154278948205280404','碧海三','18:30-20:00',7,'U154278954605976028','周宏斌','NORMAL'),('U154331906045312316','U154285654102487561','周宏斌星期四5','U154297612800699489','方颢霖','NORMAL','2018-11-27 19:44:20',NULL,'U154278949320644493','碧海四','18:30-20:00',4,'U154278954605976028','周宏斌','NORMAL'),('U154331907020584246','U154285674483362792','周宏斌星期天5','U154297612800699489','方颢霖','NORMAL','2018-11-27 19:44:30',NULL,'U154278948205280404','碧海三','18:30-20:00',7,'U154278954605976028','周宏斌','NORMAL'),('U154331908655064914','U154285654102487561','周宏斌星期四5','U154297612807552844','王思然','NORMAL','2018-11-27 19:44:47',NULL,'U154278949320644493','碧海四','18:30-20:00',4,'U154278954605976028','周宏斌','NORMAL'),('U154331909309380789','U154285674483362792','周宏斌星期天5','U154297612807552844','王思然','NORMAL','2018-11-27 19:44:53',NULL,'U154278948205280404','碧海三','18:30-20:00',7,'U154278954605976028','周宏斌','NORMAL'),('U154331910928530823','U154285654102487561','周宏斌星期四5','U154297612819712067','许淇皓','NORMAL','2018-11-27 19:45:09',NULL,'U154278949320644493','碧海四','18:30-20:00',4,'U154278954605976028','周宏斌','NORMAL'),('U154331911494829891','U154285674483362792','周宏斌星期天5','U154297612819712067','许淇皓','NORMAL','2018-11-27 19:45:15',NULL,'U154278948205280404','碧海三','18:30-20:00',7,'U154278954605976028','周宏斌','NORMAL'),('U154331912998230297','U154285654102487561','周宏斌星期四5','U154297612821149842','柳彦朵','NORMAL','2018-11-27 19:45:30',NULL,'U154278949320644493','碧海四','18:30-20:00',4,'U154278954605976028','周宏斌','NORMAL'),('U154331913528684667','U154285674483362792','周宏斌星期天5','U154297612821149842','柳彦朵','NORMAL','2018-11-27 19:45:35',NULL,'U154278948205280404','碧海三','18:30-20:00',7,'U154278954605976028','周宏斌','NORMAL'),('U154331924011332336','U154331583849973057','孙为民星期六4','U154297612841551220','周彦江','NORMAL','2018-11-27 19:47:20',NULL,'U154278945143928838','灵秀二','15:30-17:00',6,'U154278956053217488','孙为民','NORMAL'),('U154331925119210972','U154331587360995171','孙为民星期天5','U154297612841551220','周彦江','NORMAL','2018-11-27 19:47:31',NULL,'U154278945143928838','灵秀二','18:30-20:00',7,'U154278956053217488','孙为民','NORMAL'),('U154331929564496425','U154331590595497372','孙为民星期六5','U154297612853040062','吴昊东','NORMAL','2018-11-27 19:48:16',NULL,'U154278945143928838','灵秀二','18:30-20:00',6,'U154278956053217488','孙为民','NORMAL'),('U154331930506496455','U154331609637265652','孙为民星期天3','U154297612853040062','吴昊东','NORMAL','2018-11-27 19:48:25',NULL,'U154278945143928838','灵秀二','13:30-15:00',7,'U154278956053217488','孙为民','NORMAL'),('U154331933964182666','U154331587360995171','孙为民星期天5','U154297612859311916','陈  澄','NORMAL','2018-11-27 19:49:00',NULL,'U154278945143928838','灵秀二','18:30-20:00',7,'U154278956053217488','孙为民','NORMAL'),('U154331936653951890','U154331587360995171','孙为民星期天5','U154297612931421635','李涵宸','NORMAL','2018-11-27 19:49:27',NULL,'U154278945143928838','灵秀二','18:30-20:00',7,'U154278956053217488','孙为民','NORMAL'),('U154331938374118698','U154331587360995171','孙为民星期天5','U154297612832165647','魏辰旭','NORMAL','2018-11-27 19:49:44',NULL,'U154278945143928838','灵秀二','18:30-20:00',7,'U154278956053217488','孙为民','NORMAL'),('U154331940196952871','U154331587360995171','孙为民星期天5','U154297612830857488','杨骐泽','NORMAL','2018-11-27 19:50:02',NULL,'U154278945143928838','灵秀二','18:30-20:00',7,'U154278956053217488','孙为民','NORMAL'),('U154331942870947364','U154331587360995171','孙为民星期天5','U154297612864379129','李佳臻','NORMAL','2018-11-27 19:50:29',NULL,'U154278945143928838','灵秀二','18:30-20:00',7,'U154278956053217488','孙为民','NORMAL'),('U154331944952373750','U154285853614541899','孙为民星期二5','U154297612834211904','胡智勋','NORMAL','2018-11-27 19:50:50',NULL,'U154278945143928838','灵秀二','18:30-20:00',2,'U154278956053217488','孙为民','NORMAL'),('U154331945692491450','U154331587360995171','孙为民星期天5','U154297612834211904','胡智勋','NORMAL','2018-11-27 19:50:57',NULL,'U154278945143928838','灵秀二','18:30-20:00',7,'U154278956053217488','孙为民','NORMAL'),('U154331947386149006','U154285853614541899','孙为民星期二5','U154297612828992821','小李雨泽','NORMAL','2018-11-27 19:51:14',NULL,'U154278945143928838','灵秀二','18:30-20:00',2,'U154278956053217488','孙为民','NORMAL'),('U154331948079721753','U154331587360995171','孙为民星期天5','U154297612828992821','小李雨泽','NORMAL','2018-11-27 19:51:21',NULL,'U154278945143928838','灵秀二','18:30-20:00',7,'U154278956053217488','孙为民','NORMAL'),('U154331949946346666','U154285853614541899','孙为民星期二5','U154297612827920010','陈希骏','NORMAL','2018-11-27 19:51:39',NULL,'U154278945143928838','灵秀二','18:30-20:00',2,'U154278956053217488','孙为民','NORMAL'),('U154331950614367747','U154331587360995171','孙为民星期天5','U154297612827920010','陈希骏','NORMAL','2018-11-27 19:51:46',NULL,'U154278945143928838','灵秀二','18:30-20:00',7,'U154278956053217488','孙为民','NORMAL'),('U154331952948254425','U154285853614541899','孙为民星期二5','U154297612833158322','李奕涵','NORMAL','2018-11-27 19:52:09',NULL,'U154278945143928838','灵秀二','18:30-20:00',2,'U154278956053217488','孙为民','NORMAL'),('U154331953521844839','U154331587360995171','孙为民星期天5','U154297612833158322','李奕涵','NORMAL','2018-11-27 19:52:15',NULL,'U154278945143928838','灵秀二','18:30-20:00',7,'U154278956053217488','孙为民','NORMAL'),('U154331955220699699','U154285853614541899','孙为民星期二5','U154297612826964744','蒋易睿','NORMAL','2018-11-27 19:52:32',NULL,'U154278945143928838','灵秀二','18:30-20:00',2,'U154278956053217488','孙为民','NORMAL'),('U154331956061324714','U154331611632321652','孙为民星期天4','U154297612826964744','蒋易睿','NORMAL','2018-11-27 19:52:41',NULL,'U154278945143928838','灵秀二','15:30-17:00',7,'U154278956053217488','孙为民','NORMAL'),('U154331957882234062','U154285853614541899','孙为民星期二5','U154297612826036586','陆柏男','NORMAL','2018-11-27 19:52:59',NULL,'U154278945143928838','灵秀二','18:30-20:00',2,'U154278956053217488','孙为民','NORMAL'),('U154331958833707196','U154331583849973057','孙为民星期六4','U154297612826036586','陆柏男','NORMAL','2018-11-27 19:53:08',NULL,'U154278945143928838','灵秀二','15:30-17:00',6,'U154278956053217488','孙为民','NORMAL'),('U154331961537834810','U154285853614541899','孙为民星期二5','U154297612825156705','胡潇楠','NORMAL','2018-11-27 19:53:35',NULL,'U154278945143928838','灵秀二','18:30-20:00',2,'U154278956053217488','孙为民','NORMAL'),('U154331962436950216','U154331583849973057','孙为民星期六4','U154297612825156705','胡潇楠','NORMAL','2018-11-27 19:53:44',NULL,'U154278945143928838','灵秀二','15:30-17:00',6,'U154278956053217488','孙为民','NORMAL'),('U154331964227073444','U154331583849973057','孙为民星期六4','U154297612840428598','叶子煜','NORMAL','2018-11-27 19:54:02',NULL,'U154278945143928838','灵秀二','15:30-17:00',6,'U154278956053217488','孙为民','NORMAL'),('U154331966073796294','U154331583849973057','孙为民星期六4','U154297612824340731','李政翰','NORMAL','2018-11-27 19:54:21',NULL,'U154278945143928838','灵秀二','15:30-17:00',6,'U154278956053217488','孙为民','NORMAL'),('U154331967968903388','U154331583849973057','孙为民星期六4','U154297612839420435','沈子洋','NORMAL','2018-11-27 19:54:40',NULL,'U154278945143928838','灵秀二','15:30-17:00',6,'U154278956053217488','孙为民','NORMAL'),('U154331969580039804','U154331583849973057','孙为民星期六4','U154297612891121829','陈沛泽','NORMAL','2018-11-27 19:54:56',NULL,'U154278945143928838','灵秀二','15:30-17:00',6,'U154278956053217488','孙为民','NORMAL'),('U154331971172385878','U154331583849973057','孙为民星期六4','U154297612866243414','贺铭依','NORMAL','2018-11-27 19:55:12',NULL,'U154278945143928838','灵秀二','15:30-17:00',6,'U154278956053217488','孙为民','NORMAL'),('U154331973073457325','U154331583849973057','孙为民星期六4','U154297612893515499','倪睿婕','NORMAL','2018-11-27 19:55:31',NULL,'U154278945143928838','灵秀二','15:30-17:00',6,'U154278956053217488','孙为民','NORMAL'),('U154331974553347419','U154321453228793165','孙为民星期四5','U154297612967796172','余昊泽','NORMAL','2018-11-27 19:55:46',NULL,'U154278945143928838','灵秀二','18:30-20:00',4,'U154278956053217488','孙为民','NORMAL'),('U154331975344544737','U154331583849973057','孙为民星期六4','U154297612967796172','余昊泽','NORMAL','2018-11-27 19:55:53',NULL,'U154278945143928838','灵秀二','15:30-17:00',6,'U154278956053217488','孙为民','NORMAL'),('U154331977586018703','U154321453228793165','孙为民星期四5','U154297612894764275','胡真闻','NORMAL','2018-11-27 19:56:16',NULL,'U154278945143928838','灵秀二','18:30-20:00',4,'U154278956053217488','孙为民','NORMAL'),('U154331978431580685','U154331583849973057','孙为民星期六4','U154297612894764275','胡真闻','NORMAL','2018-11-27 19:56:24',NULL,'U154278945143928838','灵秀二','15:30-17:00',6,'U154278956053217488','孙为民','NORMAL'),('U154331981810087094','U154321453228793165','孙为民星期四5','U154297612895806430','许博淳','NORMAL','2018-11-27 19:56:58',NULL,'U154278945143928838','灵秀二','18:30-20:00',4,'U154278956053217488','孙为民','NORMAL'),('U154331982577620798','U154331587360995171','孙为民星期天5','U154297612895806430','许博淳','NORMAL','2018-11-27 19:57:06',NULL,'U154278945143928838','灵秀二','18:30-20:00',7,'U154278956053217488','孙为民','NORMAL'),('U154331984093299885','U154321453228793165','孙为民星期四5','U154297612829986951','洪睿阳','NORMAL','2018-11-27 19:57:21',NULL,'U154278945143928838','灵秀二','18:30-20:00',4,'U154278956053217488','孙为民','NORMAL'),('U154331984775015783','U154331587360995171','孙为民星期天5','U154297612829986951','洪睿阳','NORMAL','2018-11-27 19:57:28',NULL,'U154278945143928838','灵秀二','18:30-20:00',7,'U154278956053217488','孙为民','NORMAL'),('U154331986741391673','U154321453228793165','孙为民星期四5','U154297612872320241','戴子尧','NORMAL','2018-11-27 19:57:47',NULL,'U154278945143928838','灵秀二','18:30-20:00',4,'U154278956053217488','孙为民','NORMAL'),('U154331987534941137','U154331587360995171','孙为民星期天5','U154297612872320241','戴子尧','NORMAL','2018-11-27 19:57:55',NULL,'U154278945143928838','灵秀二','18:30-20:00',7,'U154278956053217488','孙为民','NORMAL'),('U154331989253470785','U154321453228793165','孙为民星期四5','U154297612850824973','方彬鉴','NORMAL','2018-11-27 19:58:13',NULL,'U154278945143928838','灵秀二','18:30-20:00',4,'U154278956053217488','孙为民','NORMAL'),('U154331990760667955','U154321453228793165','孙为民星期四5','U154297612890382946','张哲瀚','NORMAL','2018-11-27 19:58:28',NULL,'U154278945143928838','灵秀二','18:30-20:00',4,'U154278956053217488','孙为民','NORMAL'),('U154331992114610334','U154321453228793165','孙为民星期四5','U154297612889368756','沈子皓','NORMAL','2018-11-27 19:58:41',NULL,'U154278945143928838','灵秀二','18:30-20:00',4,'U154278956053217488','孙为民','NORMAL'),('U154331994273771532','U154321453228793165','孙为民星期四5','U154297612888285256','周庄挺','NORMAL','2018-11-27 19:59:03',NULL,'U154278945143928838','灵秀二','18:30-20:00',4,'U154278956053217488','孙为民','NORMAL'),('U154331995805548885','U154321453228793165','孙为民星期四5','U154297612844786716','丁乐捷','NORMAL','2018-11-27 19:59:18',NULL,'U154278945143928838','灵秀二','18:30-20:00',4,'U154278956053217488','孙为民','NORMAL'),('U154331997472829686','U154321453228793165','孙为民星期四5','U154297612871230443','大李雨泽','NORMAL','2018-11-27 19:59:35',NULL,'U154278945143928838','灵秀二','18:30-20:00',4,'U154278956053217488','孙为民','NORMAL'),('U154331998203409455','U154331609637265652','孙为民星期天3','U154297612871230443','大李雨泽','NORMAL','2018-11-27 19:59:42',NULL,'U154278945143928838','灵秀二','13:30-15:00',7,'U154278956053217488','孙为民','NORMAL'),('U154340038109992860','U154285853614541899','孙为民星期二5','U154297612869368567','蒋林璇','NORMAL','2018-11-28 18:19:41',NULL,'U154278945143928838','灵秀二','18:30-20:00',2,'U154278956053217488','孙为民','NORMAL'),('U154340038877890778','U154331609637265652','孙为民星期天3','U154297612869368567','蒋林璇','NORMAL','2018-11-28 18:19:49',NULL,'U154278945143928838','灵秀二','13:30-15:00',7,'U154278956053217488','孙为民','NORMAL'),('U154340044833476116','U154331609637265652','孙为民星期天3','U154297612867295078','王齐成','NORMAL','2018-11-28 18:20:48',NULL,'U154278945143928838','灵秀二','13:30-15:00',7,'U154278956053217488','孙为民','NORMAL'),('U154340045638144208','U154331590595497372','孙为民星期六5','U154297612867295078','王齐成','NORMAL','2018-11-28 18:20:56',NULL,'U154278945143928838','灵秀二','18:30-20:00',6,'U154278956053217488','孙为民','NORMAL'),('U154340047397207086','U154331590595497372','孙为民星期六5','U154297612865329965','余禹翰','NORMAL','2018-11-28 18:21:14',NULL,'U154278945143928838','灵秀二','18:30-20:00',6,'U154278956053217488','孙为民','NORMAL'),('U154340050265357918','U154331590595497372','孙为民星期六5','U154297612892436531','史祝嘉','NORMAL','2018-11-28 18:21:43',NULL,'U154278945143928838','灵秀二','18:30-20:00',6,'U154278956053217488','孙为民','NORMAL'),('U154340052207349151','U154331590595497372','孙为民星期六5','U154297612849809006','冯茂庭','NORMAL','2018-11-28 18:22:02',NULL,'U154278945143928838','灵秀二','18:30-20:00',6,'U154278956053217488','孙为民','NORMAL'),('U154340053674433212','U154331590595497372','孙为民星期六5','U154297612847963303','腾斌源','NORMAL','2018-11-28 18:22:17',NULL,'U154278945143928838','灵秀二','18:30-20:00',6,'U154278956053217488','孙为民','NORMAL'),('U154340055043888227','U154331590595497372','孙为民星期六5','U154297612845747404','孙薪淯','NORMAL','2018-11-28 18:22:30',NULL,'U154278945143928838','灵秀二','18:30-20:00',6,'U154278956053217488','孙为民','NORMAL'),('U154340056442964405','U154331590595497372','孙为民星期六5','U154297612842778511','范丰毅','NORMAL','2018-11-28 18:22:44',NULL,'U154278945143928838','灵秀二','18:30-20:00',6,'U154278956053217488','孙为民','NORMAL'),('U154340057878095284','U154331590595497372','孙为民星期六5','U154297612851917828','周子恩','NORMAL','2018-11-28 18:22:59',NULL,'U154278945143928838','灵秀二','18:30-20:00',6,'U154278956053217488','孙为民','NORMAL'),('U154340059227261030','U154331590595497372','孙为民星期六5','U154297612937686202','李林桓','NORMAL','2018-11-28 18:23:12',NULL,'U154278945143928838','灵秀二','18:30-20:00',6,'U154278956053217488','孙为民','NORMAL'),('U154340060748638168','U154331590595497372','孙为民星期六5','U154297612848891192','鲍鼎维','NORMAL','2018-11-28 18:23:27',NULL,'U154278945143928838','灵秀二','18:30-20:00',6,'U154278956053217488','孙为民','NORMAL'),('U154340062218807973','U154321450082528297','孙为民星期五5','U154297612843722051','刘焘毓','NORMAL','2018-11-28 18:23:42',NULL,'U154278945143928838','灵秀二','18:30-20:00',5,'U154278956053217488','孙为民','NORMAL'),('U154340062777478298','U154331590595497372','孙为民星期六5','U154297612843722051','刘焘毓','NORMAL','2018-11-28 18:23:48',NULL,'U154278945143928838','灵秀二','18:30-20:00',6,'U154278956053217488','孙为民','NORMAL'),('U154340064167943641','U154321450082528297','孙为民星期五5','U154297612905536900','李柏璋','NORMAL','2018-11-28 18:24:02',NULL,'U154278945143928838','灵秀二','18:30-20:00',5,'U154278956053217488','孙为民','NORMAL'),('U154340065577597704','U154321450082528297','孙为民星期五5','U154297612898798194','余佳润','NORMAL','2018-11-28 18:24:16',NULL,'U154278945143928838','灵秀二','18:30-20:00',5,'U154278956053217488','孙为民','NORMAL'),('U154340067070006260','U154321450082528297','孙为民星期五5','U154297612897786149','汪展拓','NORMAL','2018-11-28 18:24:31',NULL,'U154278945143928838','灵秀二','18:30-20:00',5,'U154278956053217488','孙为民','NORMAL'),('U154340068485482965','U154321450082528297','孙为民星期五5','U154297612903692999','郑鉴原','NORMAL','2018-11-28 18:24:45',NULL,'U154278945143928838','灵秀二','18:30-20:00',5,'U154278956053217488','孙为民','NORMAL'),('U154340070337669193','U154321450082528297','孙为民星期五5','U154297612901622996','娄峻帆','NORMAL','2018-11-28 18:25:03',NULL,'U154278945143928838','灵秀二','18:30-20:00',5,'U154278956053217488','孙为民','NORMAL'),('U154340072013860594','U154321450082528297','孙为民星期五5','U154297612900522764','王舸瑜','NORMAL','2018-11-28 18:25:20',NULL,'U154278945143928838','灵秀二','18:30-20:00',5,'U154278956053217488','孙为民','NORMAL'),('U154340073421147045','U154321450082528297','孙为民星期五5','U154297612910065211','陆沾锦','NORMAL','2018-11-28 18:25:34',NULL,'U154278945143928838','灵秀二','18:30-20:00',5,'U154278956053217488','孙为民','NORMAL'),('U154340074722884484','U154321450082528297','孙为民星期五5','U154297612906505385','郑文哲','NORMAL','2018-11-28 18:25:47',NULL,'U154278945143928838','灵秀二','18:30-20:00',5,'U154278956053217488','孙为民','NORMAL'),('U154340076342286362','U154321450082528297','孙为民星期五5','U154297612868338643','徐晨皓','NORMAL','2018-11-28 18:26:03',NULL,'U154278945143928838','灵秀二','18:30-20:00',5,'U154278956053217488','孙为民','NORMAL'),('U154340078176668419','U154321450082528297','孙为民星期五5','U154297612853903749','魏子谦','NORMAL','2018-11-28 18:26:22',NULL,'U154278945143928838','灵秀二','18:30-20:00',5,'U154278956053217488','孙为民','NORMAL'),('U154340079456646198','U154321450082528297','孙为民星期五5','U154297612911608433','倪彬哲','NORMAL','2018-11-28 18:26:35',NULL,'U154278945143928838','灵秀二','18:30-20:00',5,'U154278956053217488','孙为民','NORMAL'),('U154340080126531554','U154286253275412196','孙为民星期天2','U154297612911608433','倪彬哲','NORMAL','2018-11-28 18:26:41',NULL,'U154278945143928838','灵秀二','9:00-10:30',7,'U154278956053217488','孙为民','NORMAL'),('U154340081539570225','U154321450082528297','孙为民星期五5','U154297612909446490','施翔耀','NORMAL','2018-11-28 18:26:55',NULL,'U154278945143928838','灵秀二','18:30-20:00',5,'U154278956053217488','孙为民','NORMAL'),('U154340082116795978','U154286253275412196','孙为民星期天2','U154297612909446490','施翔耀','NORMAL','2018-11-28 18:27:01',NULL,'U154278945143928838','灵秀二','9:00-10:30',7,'U154278956053217488','孙为民','NORMAL'),('U154340083649290169','U154321450082528297','孙为民星期五5','U154297612966971030','黄禹哲','NORMAL','2018-11-28 18:27:16',NULL,'U154278945143928838','灵秀二','18:30-20:00',5,'U154278956053217488','孙为民','NORMAL'),('U154340084488221321','U154286253275412196','孙为民星期天2','U154297612966971030','黄禹哲','NORMAL','2018-11-28 18:27:25',NULL,'U154278945143928838','灵秀二','9:00-10:30',7,'U154278956053217488','孙为民','NORMAL'),('U154340086121199479','U154286253275412196','孙为民星期天2','U154297612856206437','刘政男','NORMAL','2018-11-28 18:27:41',NULL,'U154278945143928838','灵秀二','9:00-10:30',7,'U154278956053217488','孙为民','NORMAL'),('U154340087498840504','U154286253275412196','孙为民星期天2','U154297612910858831','李奕娴','NORMAL','2018-11-28 18:27:55',NULL,'U154278945143928838','灵秀二','9:00-10:30',7,'U154278956053217488','孙为民','NORMAL'),('U154340088877472571','U154286253275412196','孙为民星期天2','U154297612855014458','庄天乐','NORMAL','2018-11-28 18:28:09',NULL,'U154278945143928838','灵秀二','9:00-10:30',7,'U154278956053217488','孙为民','NORMAL'),('U154340090588552689','U154331590595497372','孙为民星期六5','U154297612907692155','李晨灏','NORMAL','2018-11-28 18:28:26',NULL,'U154278945143928838','灵秀二','18:30-20:00',6,'U154278956053217488','孙为民','NORMAL'),('U154340091248162635','U154331609637265652','孙为民星期天3','U154297612907692155','李晨灏','NORMAL','2018-11-28 18:28:32',NULL,'U154278945143928838','灵秀二','13:30-15:00',7,'U154278956053217488','孙为民','NORMAL'),('U154340092808064988','U154331609637265652','孙为民星期天3','U154297612858454653','陈芊含','NORMAL','2018-11-28 18:28:48',NULL,'U154278945143928838','灵秀二','13:30-15:00',7,'U154278956053217488','孙为民','NORMAL'),('U154340094358505717','U154331609637265652','孙为民星期天3','U154297612857490824','潘冠翰','NORMAL','2018-11-28 18:29:04',NULL,'U154278945143928838','灵秀二','13:30-15:00',7,'U154278956053217488','孙为民','NORMAL'),('U154340096249201821','U154331609637265652','孙为民星期天3','U154297612904682772','陈玫羽','NORMAL','2018-11-28 18:29:22',NULL,'U154278945143928838','灵秀二','13:30-15:00',7,'U154278956053217488','孙为民','NORMAL'),('U154340098424777352','U154331609637265652','孙为民星期天3','U154297612896969963','林  诚','NORMAL','2018-11-28 18:29:44',NULL,'U154278945143928838','灵秀二','13:30-15:00',7,'U154278956053217488','孙为民','NORMAL'),('U154340100079404127','U154331609637265652','孙为民星期天3','U154297612861360828','庄浚朗','NORMAL','2018-11-28 18:30:01',NULL,'U154278945143928838','灵秀二','13:30-15:00',7,'U154278956053217488','孙为民','NORMAL'),('U154340101845751636','U154321453228793165','孙为民星期四5','U154297612870339906','童禹豪','NORMAL','2018-11-28 18:30:18',NULL,'U154278945143928838','灵秀二','18:30-20:00',4,'U154278956053217488','孙为民','NORMAL'),('U154340102542587096','U154331609637265652','孙为民星期天3','U154297612870339906','童禹豪','NORMAL','2018-11-28 18:30:25',NULL,'U154278945143928838','灵秀二','13:30-15:00',7,'U154278956053217488','孙为民','NORMAL'),('U154340104111722772','U154331611632321652','孙为民星期天4','U154297612862408274','刘绍涵','NORMAL','2018-11-28 18:30:41',NULL,'U154278945143928838','灵秀二','15:30-17:00',7,'U154278956053217488','孙为民','NORMAL'),('U154340105606388057','U154331611632321652','孙为民星期天4','U154297612876577095','谢松廷','NORMAL','2018-11-28 18:30:56',NULL,'U154278945143928838','灵秀二','15:30-17:00',7,'U154278956053217488','孙为民','NORMAL'),('U154340107033780399','U154331611632321652','孙为民星期天4','U154297612863471509','黄于哲','NORMAL','2018-11-28 18:31:10',NULL,'U154278945143928838','灵秀二','15:30-17:00',7,'U154278956053217488','孙为民','NORMAL'),('U154340369134257837','U154286250823733462','孙为民星期三5','U154297612887216218','朱芷萱','NORMAL','2018-11-28 19:14:51',NULL,'U154278945143928838','灵秀二','18:30-20:00',3,'U154278956053217488','孙为民','NORMAL'),('U154340369802865552','U154331611632321652','孙为民星期天4','U154297612887216218','朱芷萱','NORMAL','2018-11-28 19:14:58',NULL,'U154278945143928838','灵秀二','15:30-17:00',7,'U154278956053217488','孙为民','NORMAL'),('U154340371443180200','U154286250823733462','孙为民星期三5','U154297612886151108','施兴海','NORMAL','2018-11-28 19:15:14',NULL,'U154278945143928838','灵秀二','18:30-20:00',3,'U154278956053217488','孙为民','NORMAL'),('U154340372050643033','U154331611632321652','孙为民星期天4','U154297612886151108','施兴海','NORMAL','2018-11-28 19:15:21',NULL,'U154278945143928838','灵秀二','15:30-17:00',7,'U154278956053217488','孙为民','NORMAL'),('U154340374082127632','U154286250823733462','孙为民星期三5','U154297612885190350','胡轩豪','NORMAL','2018-11-28 19:15:41',NULL,'U154278945143928838','灵秀二','18:30-20:00',3,'U154278956053217488','孙为民','NORMAL'),('U154340374885532109','U154331611632321652','孙为民星期天4','U154297612885190350','胡轩豪','NORMAL','2018-11-28 19:15:49',NULL,'U154278945143928838','灵秀二','15:30-17:00',7,'U154278956053217488','孙为民','NORMAL'),('U154340376668288735','U154286250823733462','孙为民星期三5','U154297612884246493','刘珈妤','NORMAL','2018-11-28 19:16:07',NULL,'U154278945143928838','灵秀二','18:30-20:00',3,'U154278956053217488','孙为民','NORMAL'),('U154340377253899307','U154331611632321652','孙为民星期天4','U154297612884246493','刘珈妤','NORMAL','2018-11-28 19:16:13',NULL,'U154278945143928838','灵秀二','15:30-17:00',7,'U154278956053217488','孙为民','NORMAL'),('U154340378737718577','U154286250823733462','孙为民星期三5','U154297612874728642','金若言','NORMAL','2018-11-28 19:16:27',NULL,'U154278945143928838','灵秀二','18:30-20:00',3,'U154278956053217488','孙为民','NORMAL'),('U154340379431837460','U154331611632321652','孙为民星期天4','U154297612874728642','金若言','NORMAL','2018-11-28 19:16:34',NULL,'U154278945143928838','灵秀二','15:30-17:00',7,'U154278956053217488','孙为民','NORMAL'),('U154340380891870116','U154286250823733462','孙为民星期三5','U154297612873962204','刘俊彦','NORMAL','2018-11-28 19:16:49',NULL,'U154278945143928838','灵秀二','18:30-20:00',3,'U154278956053217488','孙为民','NORMAL'),('U154340383280619393','U154331611632321652','孙为民星期天4','U154297612873962204','刘俊彦','NORMAL','2018-11-28 19:17:13',NULL,'U154278945143928838','灵秀二','15:30-17:00',7,'U154278956053217488','孙为民','NORMAL'),('U154340385095205963','U154286250823733462','孙为民星期三5','U154297612875517530','孙悦翔','NORMAL','2018-11-28 19:17:31',NULL,'U154278945143928838','灵秀二','18:30-20:00',3,'U154278956053217488','孙为民','NORMAL'),('U154340385679984817','U154331611632321652','孙为民星期天4','U154297612875517530','孙悦翔','NORMAL','2018-11-28 19:17:37',NULL,'U154278945143928838','灵秀二','15:30-17:00',7,'U154278956053217488','孙为民','NORMAL'),('U154340387061698338','U154286250823733462','孙为民星期三5','U154297612877442659','周羿辰','NORMAL','2018-11-28 19:17:51',NULL,'U154278945143928838','灵秀二','18:30-20:00',3,'U154278956053217488','孙为民','NORMAL'),('U154340387567485410','U154331611632321652','孙为民星期天4','U154297612877442659','周羿辰','NORMAL','2018-11-28 19:17:56',NULL,'U154278945143928838','灵秀二','15:30-17:00',7,'U154278956053217488','孙为民','NORMAL'),('U154340388944615605','U154286250823733462','孙为民星期三5','U154297612878236871','杨承谕','NORMAL','2018-11-28 19:18:09',NULL,'U154278945143928838','灵秀二','18:30-20:00',3,'U154278956053217488','孙为民','NORMAL'),('U154340389530414088','U154331611632321652','孙为民星期天4','U154297612878236871','杨承谕','NORMAL','2018-11-28 19:18:15',NULL,'U154278945143928838','灵秀二','15:30-17:00',7,'U154278956053217488','孙为民','NORMAL'),('U154340391312167630','U154286250823733462','孙为民星期三5','U154297612879148919','傅韬谕','NORMAL','2018-11-28 19:18:33',NULL,'U154278945143928838','灵秀二','18:30-20:00',3,'U154278956053217488','孙为民','NORMAL'),('U154340391972465099','U154331611632321652','孙为民星期天4','U154297612879148919','傅韬谕','NORMAL','2018-11-28 19:18:40',NULL,'U154278945143928838','灵秀二','15:30-17:00',7,'U154278956053217488','孙为民','NORMAL'),('U154340393567070532','U154286250823733462','孙为民星期三5','U154297612880160461','俞博涵','NORMAL','2018-11-28 19:18:56',NULL,'U154278945143928838','灵秀二','18:30-20:00',3,'U154278956053217488','孙为民','NORMAL'),('U154340394151897263','U154331611632321652','孙为民星期天4','U154297612880160461','俞博涵','NORMAL','2018-11-28 19:19:02',NULL,'U154278945143928838','灵秀二','15:30-17:00',7,'U154278956053217488','孙为民','NORMAL'),('U154340395931866115','U154286250823733462','孙为民星期三5','U154297612881025629','王林禄','NORMAL','2018-11-28 19:19:19',NULL,'U154278945143928838','灵秀二','18:30-20:00',3,'U154278956053217488','孙为民','NORMAL'),('U154340396466794043','U154331611632321652','孙为民星期天4','U154297612881025629','王林禄','NORMAL','2018-11-28 19:19:25',NULL,'U154278945143928838','灵秀二','15:30-17:00',7,'U154278956053217488','孙为民','NORMAL'),('U154340397962816683','U154286250823733462','孙为民星期三5','U154297612882222391','丁宇菲','NORMAL','2018-11-28 19:19:40',NULL,'U154278945143928838','灵秀二','18:30-20:00',3,'U154278956053217488','孙为民','NORMAL'),('U154340398579736655','U154331611632321652','孙为民星期天4','U154297612882222391','丁宇菲','NORMAL','2018-11-28 19:19:46',NULL,'U154278945143928838','灵秀二','15:30-17:00',7,'U154278956053217488','孙为民','NORMAL'),('U154340400172753498','U154286250823733462','孙为民星期三5','U154297612883308498','丁宇航','NORMAL','2018-11-28 19:20:02',NULL,'U154278945143928838','灵秀二','18:30-20:00',3,'U154278956053217488','孙为民','NORMAL'),('U154340400720100538','U154331611632321652','孙为民星期天4','U154297612883308498','丁宇航','NORMAL','2018-11-28 19:20:07',NULL,'U154278945143928838','灵秀二','15:30-17:00',7,'U154278956053217488','孙为民','NORMAL'),('U154340408215738459','U154331639561708991','叶开良星期六2','U154297612733623559','程玺璇','NORMAL','2018-11-28 19:21:22',NULL,'U154278949320644493','碧海四','9:00-10:30',6,'U154278963512684555','叶开良','NORMAL'),('U154340409810680346','U154331639561708991','叶开良星期六2','U154297612734787140','郑欣睿','NORMAL','2018-11-28 19:21:38',NULL,'U154278949320644493','碧海四','9:00-10:30',6,'U154278963512684555','叶开良','NORMAL'),('U154340411354144102','U154331634970314561','叶开良星期一5','U154297612749068699','刘书岑','NORMAL','2018-11-28 19:21:54',NULL,'U154278948205280404','碧海三','18:30-20:00',1,'U154278963512684555','叶开良','NORMAL'),('U154340412127083671','U154331639561708991','叶开良星期六2','U154297612749068699','刘书岑','NORMAL','2018-11-28 19:22:01',NULL,'U154278949320644493','碧海四','9:00-10:30',6,'U154278963512684555','叶开良','NORMAL'),('U154340413656924881','U154331634970314561','叶开良星期一5','U154297612748263593','张晋瑜','NORMAL','2018-11-28 19:22:17',NULL,'U154278948205280404','碧海三','18:30-20:00',1,'U154278963512684555','叶开良','NORMAL'),('U154340414800960141','U154331639561708991','叶开良星期六2','U154297612748263593','张晋瑜','NORMAL','2018-11-28 19:22:28',NULL,'U154278949320644493','碧海四','9:00-10:30',6,'U154278963512684555','叶开良','NORMAL'),('U154340416313409838','U154331634970314561','叶开良星期一5','U154297612750086239','蒋卓航','NORMAL','2018-11-28 19:22:43',NULL,'U154278948205280404','碧海三','18:30-20:00',1,'U154278963512684555','叶开良','NORMAL'),('U154340417143837495','U154331641512144419','叶开良星期六5','U154297612750086239','蒋卓航','NORMAL','2018-11-28 19:22:51',NULL,'U154278949320644493','碧海四','18:30-20:00',6,'U154278963512684555','叶开良','NORMAL'),('U154340418701536078','U154331634970314561','叶开良星期一5','U154297612752369897','韩雨臻','NORMAL','2018-11-28 19:23:07',NULL,'U154278948205280404','碧海三','18:30-20:00',1,'U154278963512684555','叶开良','NORMAL'),('U154340419233779506','U154331636768098806','叶开良星期三5','U154297612752369897','韩雨臻','NORMAL','2018-11-28 19:23:12',NULL,'U154278948205280404','碧海三','18:30-20:00',3,'U154278963512684555','叶开良','NORMAL'),('U154340420479322748','U154331636768098806','叶开良星期三5','U154297612738279011','谢其桓','NORMAL','2018-11-28 19:23:25',NULL,'U154278948205280404','碧海三','18:30-20:00',3,'U154278963512684555','叶开良','NORMAL'),('U154340422224935354','U154331636768098806','叶开良星期三5','U154297612739079382','许誉耀','NORMAL','2018-11-28 19:23:42',NULL,'U154278948205280404','碧海三','18:30-20:00',3,'U154278963512684555','叶开良','NORMAL'),('U154340423780300068','U154331636768098806','叶开良星期三5','U154297612745348604','虞钧涵','NORMAL','2018-11-28 19:23:58',NULL,'U154278948205280404','碧海三','18:30-20:00',3,'U154278963512684555','叶开良','NORMAL'),('U154340424659832401','U154331641512144419','叶开良星期六5','U154297612745348604','虞钧涵','NORMAL','2018-11-28 19:24:07',NULL,'U154278949320644493','碧海四','18:30-20:00',6,'U154278963512684555','叶开良','NORMAL'),('U154340426473940384','U154331636768098806','叶开良星期三5','U154297612746449373','邵匀佐','NORMAL','2018-11-28 19:24:25',NULL,'U154278948205280404','碧海三','18:30-20:00',3,'U154278963512684555','叶开良','NORMAL'),('U154340427574033586','U154331641512144419','叶开良星期六5','U154297612746449373','邵匀佐','NORMAL','2018-11-28 19:24:36',NULL,'U154278949320644493','碧海四','18:30-20:00',6,'U154278963512684555','叶开良','NORMAL'),('U154340429154685199','U154331636768098806','叶开良星期三5','U154297612739897181','李佳澔','NORMAL','2018-11-28 19:24:52',NULL,'U154278948205280404','碧海三','18:30-20:00',3,'U154278963512684555','叶开良','NORMAL'),('U154340429777503473','U154331641512144419','叶开良星期六5','U154297612739897181','李佳澔','NORMAL','2018-11-28 19:24:58',NULL,'U154278949320644493','碧海四','18:30-20:00',6,'U154278963512684555','叶开良','NORMAL'),('U154340431446174338','U154331636768098806','叶开良星期三5','U154297612740671256','林哲毅','NORMAL','2018-11-28 19:25:14',NULL,'U154278948205280404','碧海三','18:30-20:00',3,'U154278963512684555','叶开良','NORMAL'),('U154340432028146146','U154331641512144419','叶开良星期六5','U154297612740671256','林哲毅','NORMAL','2018-11-28 19:25:20',NULL,'U154278949320644493','碧海四','18:30-20:00',6,'U154278963512684555','叶开良','NORMAL'),('U154340433588105724','U154331636768098806','叶开良星期三5','U154297612743563426','邬知逸','NORMAL','2018-11-28 19:25:36',NULL,'U154278948205280404','碧海三','18:30-20:00',3,'U154278963512684555','叶开良','NORMAL'),('U154340434102031098','U154331641512144419','叶开良星期六5','U154297612743563426','邬知逸','NORMAL','2018-11-28 19:25:41',NULL,'U154278949320644493','碧海四','18:30-20:00',6,'U154278963512684555','叶开良','NORMAL'),('U154340435471935976','U154331641512144419','叶开良星期六5','U154297612736704825','陈禹桦','NORMAL','2018-11-28 19:25:55',NULL,'U154278949320644493','碧海四','18:30-20:00',6,'U154278963512684555','叶开良','NORMAL'),('U154340437229603320','U154331641512144419','叶开良星期六5','U154297612747327879','胡哲喻','NORMAL','2018-11-28 19:26:12',NULL,'U154278949320644493','碧海四','18:30-20:00',6,'U154278963512684555','叶开良','NORMAL'),('U154340440806841600','U154331641512144419','叶开良星期六5','U154297612742428283','徐博厚','NORMAL','2018-11-28 19:26:48',NULL,'U154278949320644493','碧海四','18:30-20:00',6,'U154278963512684555','叶开良','NORMAL'),('U154340443165806514','U154331641512144419','叶开良星期六5','U154297612735725185','王一早','NORMAL','2018-11-28 19:27:12',NULL,'U154278949320644493','碧海四','18:30-20:00',6,'U154278963512684555','叶开良','NORMAL'),('U154340444611836946','U154331641512144419','叶开良星期六5','U154297612737592247','苗凯杰','NORMAL','2018-11-28 19:27:26',NULL,'U154278949320644493','碧海四','18:30-20:00',6,'U154278963512684555','叶开良','NORMAL'),('U154340469787315724','U154331654629338228','张国忠星期三5','U154297612959566094','陈凯鑫','NORMAL','2018-11-28 19:31:38',NULL,'U154278950797478300','沈家门','18:30-20:00',3,'U154278965230025110','张国忠','NORMAL'),('U154340470979797321','U154331675928846382','张国忠星期天2','U154297612959566094','陈凯鑫','NORMAL','2018-11-28 19:31:50',NULL,'U154278950797478300','沈家门','9:00-10:30',7,'U154278965230025110','张国忠','NORMAL'),('U154340472565878176','U154331675928846382','张国忠星期天2','U154297612958813558','陈舟煜','NORMAL','2018-11-28 19:32:06',NULL,'U154278950797478300','沈家门','9:00-10:30',7,'U154278965230025110','张国忠','NORMAL'),('U154340474376780729','U154331675928846382','张国忠星期天2','U154297612958011939','张哲毓','NORMAL','2018-11-28 19:32:24',NULL,'U154278950797478300','沈家门','9:00-10:30',7,'U154278965230025110','张国忠','NORMAL'),('U154340475893238791','U154331675928846382','张国忠星期天2','U154297612954202620','顾晨左','NORMAL','2018-11-28 19:32:39',NULL,'U154278950797478300','沈家门','9:00-10:30',7,'U154278965230025110','张国忠','NORMAL'),('U154340479382676861','U154331675928846382','张国忠星期天2','U154297612953569157','郑博予','NORMAL','2018-11-28 19:33:14',NULL,'U154278950797478300','沈家门','9:00-10:30',7,'U154278965230025110','张国忠','NORMAL'),('U154340480818144901','U154331675928846382','张国忠星期天2','U154297612955797241','蒋佳辰','NORMAL','2018-11-28 19:33:28',NULL,'U154278950797478300','沈家门','9:00-10:30',7,'U154278965230025110','张国忠','NORMAL'),('U154340482760472652','U154331675928846382','张国忠星期天2','U154297612955087166','高毓泽','NORMAL','2018-11-28 19:33:48',NULL,'U154278950797478300','沈家门','9:00-10:30',7,'U154278965230025110','张国忠','NORMAL'),('U154340484205344040','U154331675928846382','张国忠星期天2','U154297612957371488','朱珉磊','NORMAL','2018-11-28 19:34:02',NULL,'U154278950797478300','沈家门','9:00-10:30',7,'U154278965230025110','张国忠','NORMAL'),('U154340491672267474','U154331674313825100','张国忠星期六5','U154297612767499290','王浚羽','EXIT_COURSE','2018-11-28 19:35:17','2018-11-28 19:37:02','U154278950797478300','沈家门','18:30-20:00',6,'U154278965230025110','张国忠','NORMAL'),('U154340494179564938','U154331674313825100','张国忠星期六5','U154297612966217391','金彦含','EXIT_COURSE','2018-11-28 19:35:42','2018-11-28 19:38:24','U154278950797478300','沈家门','18:30-20:00',6,'U154278965230025110','张国忠','NORMAL'),('U154340506398108551','U154331668060749703','张国忠星期六1','U154297612767499290','王浚羽','NORMAL','2018-11-28 19:37:44',NULL,'U154278949320644493','碧海四','7:30-9:00',6,'U154278965230025110','张国忠','NORMAL'),('U154340511434679360','U154331668060749703','张国忠星期六1','U154297612966217391','金彦含','NORMAL','2018-11-28 19:38:34',NULL,'U154278949320644493','碧海四','7:30-9:00',6,'U154278965230025110','张国忠','NORMAL'),('U154340517582017676','U154331648087753947','张国忠星期二5','U154297612755519070','沃渲博','NORMAL','2018-11-28 19:39:36',NULL,'U154278949320644493','碧海四','18:30-20:00',2,'U154278965230025110','张国忠','NORMAL'),('U154340521032891587','U154331668060749703','张国忠星期六1','U154297612755519070','沃渲博','NORMAL','2018-11-28 19:40:10',NULL,'U154278949320644493','碧海四','7:30-9:00',6,'U154278965230025110','张国忠','NORMAL'),('U154340526302564925','U154331648087753947','张国忠星期二5','U154297612757739928','李昕瀚','NORMAL','2018-11-28 19:41:03',NULL,'U154278949320644493','碧海四','18:30-20:00',2,'U154278965230025110','张国忠','NORMAL'),('U154340527016092168','U154331668060749703','张国忠星期六1','U154297612757739928','李昕瀚','NORMAL','2018-11-28 19:41:10',NULL,'U154278949320644493','碧海四','7:30-9:00',6,'U154278965230025110','张国忠','NORMAL'),('U154340528649165712','U154331648087753947','张国忠星期二5','U154297612760965276','马瑜辰','NORMAL','2018-11-28 19:41:26',NULL,'U154278949320644493','碧海四','18:30-20:00',2,'U154278965230025110','张国忠','NORMAL'),('U154340529230360543','U154331668060749703','张国忠星期六1','U154297612760965276','马瑜辰','NORMAL','2018-11-28 19:41:32',NULL,'U154278949320644493','碧海四','7:30-9:00',6,'U154278965230025110','张国忠','NORMAL'),('U154340531983835392','U154331648087753947','张国忠星期二5','U154297612753489017','翁齐辰','NORMAL','2018-11-28 19:42:00',NULL,'U154278949320644493','碧海四','18:30-20:00',2,'U154278965230025110','张国忠','NORMAL'),('U154340532583681175','U154331668060749703','张国忠星期六1','U154297612753489017','翁齐辰','NORMAL','2018-11-28 19:42:06',NULL,'U154278949320644493','碧海四','7:30-9:00',6,'U154278965230025110','张国忠','NORMAL'),('U154340534002252427','U154331648087753947','张国忠星期二5','U154297612759983563','徐靖昕','NORMAL','2018-11-28 19:42:20',NULL,'U154278949320644493','碧海四','18:30-20:00',2,'U154278965230025110','张国忠','NORMAL'),('U154340534682773237','U154331668060749703','张国忠星期六1','U154297612759983563','徐靖昕','NORMAL','2018-11-28 19:42:27',NULL,'U154278949320644493','碧海四','7:30-9:00',6,'U154278965230025110','张国忠','NORMAL'),('U154340538313820095','U154331648087753947','张国忠星期二5','U154297612758870654','周子翔','NORMAL','2018-11-28 19:43:03',NULL,'U154278949320644493','碧海四','18:30-20:00',2,'U154278965230025110','张国忠','NORMAL'),('U154340539071383792','U154331668060749703','张国忠星期六1','U154297612758870654','周子翔','NORMAL','2018-11-28 19:43:11',NULL,'U154278949320644493','碧海四','7:30-9:00',6,'U154278965230025110','张国忠','NORMAL'),('U154340540760857149','U154331648087753947','张国忠星期二5','U154297612756613471','丁嘉鸿','NORMAL','2018-11-28 19:43:28',NULL,'U154278949320644493','碧海四','18:30-20:00',2,'U154278965230025110','张国忠','NORMAL'),('U154340541587460951','U154331668060749703','张国忠星期六1','U154297612756613471','丁嘉鸿','NORMAL','2018-11-28 19:43:36',NULL,'U154278949320644493','碧海四','7:30-9:00',6,'U154278965230025110','张国忠','NORMAL'),('U154340543629139067','U154331648087753947','张国忠星期二5','U154297612762195968','刘讴睿','NORMAL','2018-11-28 19:43:56',NULL,'U154278949320644493','碧海四','18:30-20:00',2,'U154278965230025110','张国忠','NORMAL'),('U154340544155778985','U154331668060749703','张国忠星期六1','U154297612762195968','刘讴睿','NORMAL','2018-11-28 19:44:02',NULL,'U154278949320644493','碧海四','7:30-9:00',6,'U154278965230025110','张国忠','NORMAL'),('U154340545712814029','U154331648087753947','张国忠星期二5','U154297612763136891','周柏臻','NORMAL','2018-11-28 19:44:17',NULL,'U154278949320644493','碧海四','18:30-20:00',2,'U154278965230025110','张国忠','NORMAL'),('U154340546373885410','U154331668060749703','张国忠星期六1','U154297612763136891','周柏臻','NORMAL','2018-11-28 19:44:24',NULL,'U154278949320644493','碧海四','7:30-9:00',6,'U154278965230025110','张国忠','NORMAL'),('U154340548064937938','U154331648087753947','张国忠星期二5','U154297612764298014','王艺瑾','NORMAL','2018-11-28 19:44:41',NULL,'U154278949320644493','碧海四','18:30-20:00',2,'U154278965230025110','张国忠','NORMAL'),('U154340548665281597','U154331668060749703','张国忠星期六1','U154297612764298014','王艺瑾','NORMAL','2018-11-28 19:44:47',NULL,'U154278949320644493','碧海四','7:30-9:00',6,'U154278965230025110','张国忠','NORMAL'),('U154340550307479468','U154331674313825100','张国忠星期六5','U154297612960213303','姜柏丞','NORMAL','2018-11-28 19:45:03',NULL,'U154278950797478300','沈家门','18:30-20:00',6,'U154278965230025110','张国忠','NORMAL'),('U154340554691325464','U154331654629338228','张国忠星期三5','U154297612965547999','吴秉泽','NORMAL','2018-11-28 19:45:47',NULL,'U154278950797478300','沈家门','18:30-20:00',3,'U154278965230025110','张国忠','NORMAL'),('U154340556676431882','U154331674313825100','张国忠星期六5','U154297612965547999','吴秉泽','NORMAL','2018-11-28 19:46:07',NULL,'U154278950797478300','沈家门','18:30-20:00',6,'U154278965230025110','张国忠','NORMAL'),('U154340558570430000','U154331654629338228','张国忠星期三5','U154297612960946144','虞思贤','NORMAL','2018-11-28 19:46:26',NULL,'U154278950797478300','沈家门','18:30-20:00',3,'U154278965230025110','张国忠','NORMAL'),('U154340559260863501','U154331674313825100','张国忠星期六5','U154297612960946144','虞思贤','NORMAL','2018-11-28 19:46:33',NULL,'U154278950797478300','沈家门','18:30-20:00',6,'U154278965230025110','张国忠','NORMAL'),('U154340560798856128','U154331654629338228','张国忠星期三5','U154297612964899118','卢嘉晨','NORMAL','2018-11-28 19:46:48',NULL,'U154278950797478300','沈家门','18:30-20:00',3,'U154278965230025110','张国忠','NORMAL'),('U154340561391153307','U154331674313825100','张国忠星期六5','U154297612964899118','卢嘉晨','NORMAL','2018-11-28 19:46:54',NULL,'U154278950797478300','沈家门','18:30-20:00',6,'U154278965230025110','张国忠','NORMAL'),('U154340562927109729','U154331636768098806','叶开良星期三5','U154297612962545812','周奕轩','EXIT_COURSE','2018-11-28 19:47:09','2018-11-28 19:47:25','U154278948205280404','碧海三','18:30-20:00',3,'U154278963512684555','叶开良','NORMAL'),('U154340563590386295','U154331674313825100','张国忠星期六5','U154297612962545812','周奕轩','NORMAL','2018-11-28 19:47:16',NULL,'U154278950797478300','沈家门','18:30-20:00',6,'U154278965230025110','张国忠','NORMAL'),('U154340565161661430','U154331654629338228','张国忠星期三5','U154297612962545812','周奕轩','NORMAL','2018-11-28 19:47:32',NULL,'U154278950797478300','沈家门','18:30-20:00',3,'U154278965230025110','张国忠','NORMAL'),('U154340566786543342','U154331654629338228','张国忠星期三5','U154297612963369542','张昊聘','NORMAL','2018-11-28 19:47:48',NULL,'U154278950797478300','沈家门','18:30-20:00',3,'U154278965230025110','张国忠','NORMAL'),('U154340567381608074','U154331674313825100','张国忠星期六5','U154297612963369542','张昊聘','NORMAL','2018-11-28 19:47:54',NULL,'U154278950797478300','沈家门','18:30-20:00',6,'U154278965230025110','张国忠','NORMAL'),('U154340579984776196','U154331663642200391','张国忠星期五5','U154297612956656179','虞卓骏','NORMAL','2018-11-28 19:50:00',NULL,'U154278949320644493','碧海四','18:30-20:00',5,'U154278965230025110','张国忠','NORMAL'),('U154340583652913915','U154331663642200391','张国忠星期五5','U154297612775630112','俞俊烨','NORMAL','2018-11-28 19:50:37',NULL,'U154278949320644493','碧海四','18:30-20:00',5,'U154278965230025110','张国忠','NORMAL'),('U154340585294062259','U154331663642200391','张国忠星期五5','U154297612774948275','汪淇涵','NORMAL','2018-11-28 19:50:53',NULL,'U154278949320644493','碧海四','18:30-20:00',5,'U154278965230025110','张国忠','NORMAL'),('U154340586725907360','U154331663642200391','张国忠星期五5','U154297612774110103','俞博文','NORMAL','2018-11-28 19:51:07',NULL,'U154278949320644493','碧海四','18:30-20:00',5,'U154278965230025110','张国忠','NORMAL'),('U154340587983464845','U154331663642200391','张国忠星期五5','U154297612776323967','李思竟','NORMAL','2018-11-28 19:51:20',NULL,'U154278949320644493','碧海四','18:30-20:00',5,'U154278965230025110','张国忠','NORMAL'),('U154340590046994566','U154331663642200391','张国忠星期五5','U154297612780590662','焦俊宁','NORMAL','2018-11-28 19:51:40',NULL,'U154278949320644493','碧海四','18:30-20:00',5,'U154278965230025110','张国忠','NORMAL'),('U154340591758559699','U154331663642200391','张国忠星期五5','U154297612766448598','乐凯文','NORMAL','2018-11-28 19:51:58',NULL,'U154278949320644493','碧海四','18:30-20:00',5,'U154278965230025110','张国忠','NORMAL'),('U154340592379773461','U154331677571378638','张国忠星期天5','U154297612766448598','乐凯文','NORMAL','2018-11-28 19:52:04',NULL,'U154278949320644493','碧海四','18:30-20:00',7,'U154278965230025110','张国忠','NORMAL'),('U154340593743827070','U154331663642200391','张国忠星期五5','U154297612781373264','童煜希','NORMAL','2018-11-28 19:52:17',NULL,'U154278949320644493','碧海四','18:30-20:00',5,'U154278965230025110','张国忠','NORMAL'),('U154340594659871224','U154331677571378638','张国忠星期天5','U154297612781373264','童煜希','NORMAL','2018-11-28 19:52:27',NULL,'U154278949320644493','碧海四','18:30-20:00',7,'U154278965230025110','张国忠','NORMAL'),('U154340597904098674','U154331663642200391','张国忠星期五5','U154297612777870247','张子涵','NORMAL','2018-11-28 19:52:59',NULL,'U154278949320644493','碧海四','18:30-20:00',5,'U154278965230025110','张国忠','NORMAL'),('U154340598427135731','U154331677571378638','张国忠星期天5','U154297612777870247','张子涵','NORMAL','2018-11-28 19:53:04',NULL,'U154278949320644493','碧海四','18:30-20:00',7,'U154278965230025110','张国忠','NORMAL'),('U154340599853581146','U154331663642200391','张国忠星期五5','U154297612964071412','虞铠瑄','NORMAL','2018-11-28 19:53:19',NULL,'U154278949320644493','碧海四','18:30-20:00',5,'U154278965230025110','张国忠','NORMAL'),('U154340600419907081','U154331677571378638','张国忠星期天5','U154297612964071412','虞铠瑄','NORMAL','2018-11-28 19:53:24',NULL,'U154278949320644493','碧海四','18:30-20:00',7,'U154278965230025110','张国忠','NORMAL'),('U154340602452062210','U154331663642200391','张国忠星期五5','U154297612961868525','王千亦','NORMAL','2018-11-28 19:53:45',NULL,'U154278949320644493','碧海四','18:30-20:00',5,'U154278965230025110','张国忠','NORMAL'),('U154340603153513162','U154331677571378638','张国忠星期天5','U154297612961868525','王千亦','NORMAL','2018-11-28 19:53:52',NULL,'U154278949320644493','碧海四','18:30-20:00',7,'U154278965230025110','张国忠','NORMAL'),('U154340605711369738','U154331677571378638','张国忠星期天5','U154297612779618657','刘梓源','NORMAL','2018-11-28 19:54:17',NULL,'U154278949320644493','碧海四','18:30-20:00',7,'U154278965230025110','张国忠','NORMAL'),('U154340607837682482','U154331590595497372','孙为民星期六5','U154297612779618657','刘梓源','NORMAL','2018-11-28 19:54:38',NULL,'U154278945143928838','灵秀二','18:30-20:00',6,'U154278956053217488','孙为民','NORMAL'),('U154340609446136712','U154331674313825100','张国忠星期六5','U154297612769887175','钟昊轩','EXIT_COURSE','2018-11-28 19:54:54','2018-11-29 19:36:57','U154278950797478300','沈家门','18:30-20:00',6,'U154278965230025110','张国忠','NORMAL'),('U154340611164477662','U154331677571378638','张国忠星期天5','U154297612778619832','李若水','NORMAL','2018-11-28 19:55:12',NULL,'U154278949320644493','碧海四','18:30-20:00',7,'U154278965230025110','张国忠','NORMAL'),('U154340612521774562','U154331677571378638','张国忠星期天5','U154297612777015971','王浚棋','NORMAL','2018-11-28 19:55:25',NULL,'U154278949320644493','碧海四','18:30-20:00',7,'U154278965230025110','张国忠','NORMAL'),('U154340614207242637','U154331677571378638','张国忠星期天5','U154297612768251872','郭泽楠','NORMAL','2018-11-28 19:55:42',NULL,'U154278949320644493','碧海四','18:30-20:00',7,'U154278965230025110','张国忠','NORMAL'),('U154340615682550618','U154331677571378638','张国忠星期天5','U154297612769058093','殷又嘉','NORMAL','2018-11-28 19:55:57',NULL,'U154278949320644493','碧海四','18:30-20:00',7,'U154278965230025110','张国忠','NORMAL'),('U154340618371121552','U154331618506003732','蒋杰星期二5','U154297612765390497','张译涵','NORMAL','2018-11-28 19:56:24',NULL,'U154278948205280404','碧海三','18:30-20:00',2,'U154278962301569613','蒋杰','NORMAL'),('U154340620092502650','U154331618506003732','蒋杰星期二5','U154297612705699032','陆妍心','NORMAL','2018-11-28 19:56:41',NULL,'U154278948205280404','碧海三','18:30-20:00',2,'U154278962301569613','蒋杰','NORMAL'),('U154340620760323594','U154331626987808688','蒋杰星期六5','U154297612705699032','陆妍心','NORMAL','2018-11-28 19:56:48',NULL,'U154278948205280404','碧海三','18:30-20:00',6,'U154278962301569613','蒋杰','NORMAL'),('U154340623742717702','U154331626987808688','蒋杰星期六5','U154297612704860994','朱奕臻','NORMAL','2018-11-28 19:57:17',NULL,'U154278948205280404','碧海三','18:30-20:00',6,'U154278962301569613','蒋杰','NORMAL'),('U154340625607781095','U154331618506003732','蒋杰星期二5','U154297612703926668','陈昱帆','NORMAL','2018-11-28 19:57:36',NULL,'U154278948205280404','碧海三','18:30-20:00',2,'U154278962301569613','蒋杰','NORMAL'),('U154340626135750152','U154331626987808688','蒋杰星期六5','U154297612703926668','陈昱帆','NORMAL','2018-11-28 19:57:41',NULL,'U154278948205280404','碧海三','18:30-20:00',6,'U154278962301569613','蒋杰','NORMAL'),('U154340627706789205','U154331618506003732','蒋杰星期二5','U154297612703173126','宁振皓','NORMAL','2018-11-28 19:57:57',NULL,'U154278948205280404','碧海三','18:30-20:00',2,'U154278962301569613','蒋杰','NORMAL'),('U154340628555014754','U154331626987808688','蒋杰星期六5','U154297612703173126','宁振皓','NORMAL','2018-11-28 19:58:06',NULL,'U154278948205280404','碧海三','18:30-20:00',6,'U154278962301569613','蒋杰','NORMAL'),('U154340630134765387','U154331626987808688','蒋杰星期六5','U154297612708955934','沈辰旭','NORMAL','2018-11-28 19:58:21',NULL,'U154278948205280404','碧海三','18:30-20:00',6,'U154278962301569613','蒋杰','NORMAL'),('U154340631427779319','U154331622868873883','蒋杰星期四5','U154297612711239747','贺昱玮','NORMAL','2018-11-28 19:58:34',NULL,'U154278948205280404','碧海三','18:30-20:00',4,'U154278962301569613','蒋杰','NORMAL'),('U154340632833827635','U154331622868873883','蒋杰星期四5','U154297612716558800','翁熙哲','NORMAL','2018-11-28 19:58:48',NULL,'U154278948205280404','碧海三','18:30-20:00',4,'U154278962301569613','蒋杰','NORMAL'),('U154340633759862638','U154331632522246735','蒋杰星期天5','U154297612716558800','翁熙哲','EXIT_COURSE','2018-11-28 19:58:58','2018-11-28 19:59:09','U154278946335725256','碧海一','18:30-20:00',7,'U154278962301569613','蒋杰','NORMAL'),('U154340635769360379','U154331630992056941','蒋杰星期天4','U154297612716558800','翁熙哲','NORMAL','2018-11-28 19:59:18',NULL,'U154278949320644493','碧海四','15:30-17:00',7,'U154278962301569613','蒋杰','NORMAL'),('U154340639743116935','U154331622868873883','蒋杰星期四5','U154297612717256853','贝晨晰','NORMAL','2018-11-28 19:59:57',NULL,'U154278948205280404','碧海三','18:30-20:00',4,'U154278962301569613','蒋杰','NORMAL'),('U154340640320973758','U154331630992056941','蒋杰星期天4','U154297612717256853','贝晨晰','NORMAL','2018-11-28 20:00:03',NULL,'U154278949320644493','碧海四','15:30-17:00',7,'U154278962301569613','蒋杰','NORMAL'),('U154340641729636837','U154331622868873883','蒋杰星期四5','U154297612714108904','翁子画','NORMAL','2018-11-28 20:00:17',NULL,'U154278948205280404','碧海三','18:30-20:00',4,'U154278962301569613','蒋杰','NORMAL'),('U154340642379927356','U154331630992056941','蒋杰星期天4','U154297612714108904','翁子画','NORMAL','2018-11-28 20:00:24',NULL,'U154278949320644493','碧海四','15:30-17:00',7,'U154278962301569613','蒋杰','NORMAL'),('U154340643583116919','U154331622868873883','蒋杰星期四5','U154297612715772448','郑皓仁','NORMAL','2018-11-28 20:00:36',NULL,'U154278948205280404','碧海三','18:30-20:00',4,'U154278962301569613','蒋杰','NORMAL'),('U154340644212628351','U154331630992056941','蒋杰星期天4','U154297612715772448','郑皓仁','NORMAL','2018-11-28 20:00:42',NULL,'U154278949320644493','碧海四','15:30-17:00',7,'U154278962301569613','蒋杰','NORMAL'),('U154340645480187442','U154331622868873883','蒋杰星期四5','U154297612714949247','庄子涵','NORMAL','2018-11-28 20:00:55',NULL,'U154278948205280404','碧海三','18:30-20:00',4,'U154278962301569613','蒋杰','NORMAL'),('U154340646076139293','U154331630992056941','蒋杰星期天4','U154297612714949247','庄子涵','EXIT_COURSE','2018-11-28 20:01:01','2018-11-29 19:53:32','U154278949320644493','碧海四','15:30-17:00',7,'U154278962301569613','蒋杰','NORMAL'),('U154340647340156206','U154331630992056941','蒋杰星期天4','U154297612710491593','许正洋','NORMAL','2018-11-28 20:01:13',NULL,'U154278949320644493','碧海四','15:30-17:00',7,'U154278962301569613','蒋杰','NORMAL'),('U154340648792228477','U154331630992056941','蒋杰星期天4','U154297612702219574','汪云浩','NORMAL','2018-11-28 20:01:28',NULL,'U154278949320644493','碧海四','15:30-17:00',7,'U154278962301569613','蒋杰','NORMAL'),('U154340650164098122','U154331630992056941','蒋杰星期天4','U154297612709624967','程昱甄','NORMAL','2018-11-28 20:01:42',NULL,'U154278949320644493','碧海四','15:30-17:00',7,'U154278962301569613','蒋杰','NORMAL'),('U154340651392095635','U154331618506003732','蒋杰星期二5','U154297612706828267','李京晓','NORMAL','2018-11-28 20:01:54',NULL,'U154278948205280404','碧海三','18:30-20:00',2,'U154278962301569613','蒋杰','NORMAL'),('U154340652171010891','U154331630992056941','蒋杰星期天4','U154297612706828267','李京晓','NORMAL','2018-11-28 20:02:02',NULL,'U154278949320644493','碧海四','15:30-17:00',7,'U154278962301569613','蒋杰','NORMAL'),('U154340653464205107','U154331618506003732','蒋杰星期二5','U154297612708254391','吴彦诺','NORMAL','2018-11-28 20:02:15',NULL,'U154278948205280404','碧海三','18:30-20:00',2,'U154278962301569613','蒋杰','NORMAL'),('U154340654027308831','U154331625094150043','蒋杰星期五5','U154297612708254391','吴彦诺','NORMAL','2018-11-28 20:02:20',NULL,'U154278948205280404','碧海三','18:30-20:00',5,'U154278962301569613','蒋杰','NORMAL'),('U154340655477129273','U154331618506003732','蒋杰星期二5','U154297612712009727','丁麒谕','NORMAL','2018-11-28 20:02:35',NULL,'U154278948205280404','碧海三','18:30-20:00',2,'U154278962301569613','蒋杰','NORMAL'),('U154340656030783475','U154331630992056941','蒋杰星期天4','U154297612712009727','丁麒谕','NORMAL','2018-11-28 20:02:40',NULL,'U154278949320644493','碧海四','15:30-17:00',7,'U154278962301569613','蒋杰','NORMAL'),('U154340657198942934','U154331622868873883','蒋杰星期四5','U154297612718082891','杨浚溢','NORMAL','2018-11-28 20:02:52',NULL,'U154278948205280404','碧海三','18:30-20:00',4,'U154278962301569613','蒋杰','NORMAL'),('U154340657678793112','U154331632522246735','蒋杰星期天5','U154297612718082891','杨浚溢','NORMAL','2018-11-28 20:02:57',NULL,'U154278946335725256','碧海一','18:30-20:00',7,'U154278962301569613','蒋杰','NORMAL'),('U154340659013724625','U154331622868873883','蒋杰星期四5','U154297612718818038','张宸硕','NORMAL','2018-11-28 20:03:10',NULL,'U154278948205280404','碧海三','18:30-20:00',4,'U154278962301569613','蒋杰','NORMAL'),('U154340659513092002','U154331632522246735','蒋杰星期天5','U154297612718818038','张宸硕','NORMAL','2018-11-28 20:03:15',NULL,'U154278946335725256','碧海一','18:30-20:00',7,'U154278962301569613','蒋杰','NORMAL'),('U154340661012420605','U154331622868873883','蒋杰星期四5','U154297612719656688','盛张睿','NORMAL','2018-11-28 20:03:30',NULL,'U154278948205280404','碧海三','18:30-20:00',4,'U154278962301569613','蒋杰','NORMAL'),('U154340661525744751','U154331632522246735','蒋杰星期天5','U154297612719656688','盛张睿','NORMAL','2018-11-28 20:03:35',NULL,'U154278946335725256','碧海一','18:30-20:00',7,'U154278962301569613','蒋杰','NORMAL'),('U154340662868067733','U154331622868873883','蒋杰星期四5','U154297612720431479','李雨轩','NORMAL','2018-11-28 20:03:49',NULL,'U154278948205280404','碧海三','18:30-20:00',4,'U154278962301569613','蒋杰','NORMAL'),('U154340663472270127','U154331625094150043','蒋杰星期五5','U154297612720431479','李雨轩','NORMAL','2018-11-28 20:03:55',NULL,'U154278948205280404','碧海三','18:30-20:00',5,'U154278962301569613','蒋杰','NORMAL'),('U154340665027554997','U154331625094150043','蒋杰星期五5','U154297612727084505','韩宗博','NORMAL','2018-11-28 20:04:10',NULL,'U154278948205280404','碧海三','18:30-20:00',5,'U154278962301569613','蒋杰','NORMAL'),('U154340665688089855','U154331626987808688','蒋杰星期六5','U154297612727084505','韩宗博','NORMAL','2018-11-28 20:04:17',NULL,'U154278948205280404','碧海三','18:30-20:00',6,'U154278962301569613','蒋杰','NORMAL'),('U154340667785683346','U154331625094150043','蒋杰星期五5','U154297612723232792','屠骁腾','NORMAL','2018-11-28 20:04:38',NULL,'U154278948205280404','碧海三','18:30-20:00',5,'U154278962301569613','蒋杰','NORMAL'),('U154340668345931744','U154331632522246735','蒋杰星期天5','U154297612723232792','屠骁腾','NORMAL','2018-11-28 20:04:43',NULL,'U154278946335725256','碧海一','18:30-20:00',7,'U154278962301569613','蒋杰','NORMAL'),('U154340670281345194','U154331625094150043','蒋杰星期五5','U154297612721291691','李函臻','NORMAL','2018-11-28 20:05:03',NULL,'U154278948205280404','碧海三','18:30-20:00',5,'U154278962301569613','蒋杰','NORMAL'),('U154340670829759331','U154331632522246735','蒋杰星期天5','U154297612721291691','李函臻','NORMAL','2018-11-28 20:05:08',NULL,'U154278946335725256','碧海一','18:30-20:00',7,'U154278962301569613','蒋杰','NORMAL'),('U154340672439728637','U154331625094150043','蒋杰星期五5','U154297612722275907','乐禹含','NORMAL','2018-11-28 20:05:24',NULL,'U154278948205280404','碧海三','18:30-20:00',5,'U154278962301569613','蒋杰','NORMAL'),('U154340673007157567','U154331632522246735','蒋杰星期天5','U154297612722275907','乐禹含','NORMAL','2018-11-28 20:05:30',NULL,'U154278946335725256','碧海一','18:30-20:00',7,'U154278962301569613','蒋杰','NORMAL'),('U154340674370237524','U154331625094150043','蒋杰星期五5','U154297612724855046','袁佳玮','NORMAL','2018-11-28 20:05:44',NULL,'U154278948205280404','碧海三','18:30-20:00',5,'U154278962301569613','蒋杰','NORMAL'),('U154340674926061169','U154331632522246735','蒋杰星期天5','U154297612724855046','袁佳玮','NORMAL','2018-11-28 20:05:49',NULL,'U154278946335725256','碧海一','18:30-20:00',7,'U154278962301569613','蒋杰','NORMAL'),('U154340676180492485','U154331625094150043','蒋杰星期五5','U154297612726043247','孙颢淳','NORMAL','2018-11-28 20:06:02',NULL,'U154278948205280404','碧海三','18:30-20:00',5,'U154278962301569613','蒋杰','NORMAL'),('U154340676682574287','U154331626987808688','蒋杰星期六5','U154297612726043247','孙颢淳','EXIT_COURSE','2018-11-28 20:06:07','2018-11-28 20:06:13','U154278948205280404','碧海三','18:30-20:00',6,'U154278962301569613','蒋杰','NORMAL'),('U154340677811855843','U154331632522246735','蒋杰星期天5','U154297612726043247','孙颢淳','NORMAL','2018-11-28 20:06:18',NULL,'U154278946335725256','碧海一','18:30-20:00',7,'U154278962301569613','蒋杰','NORMAL'),('U154340679326726458','U154331625094150043','蒋杰星期五5','U154297612728989508','孙浩航','NORMAL','2018-11-28 20:06:33',NULL,'U154278948205280404','碧海三','18:30-20:00',5,'U154278962301569613','蒋杰','NORMAL'),('U154340679862641232','U154331632522246735','蒋杰星期天5','U154297612728989508','孙浩航','NORMAL','2018-11-28 20:06:39',NULL,'U154278946335725256','碧海一','18:30-20:00',7,'U154278962301569613','蒋杰','NORMAL'),('U154340681329325270','U154331625094150043','蒋杰星期五5','U154297612730104835','王麒皓','NORMAL','2018-11-28 20:06:53',NULL,'U154278948205280404','碧海三','18:30-20:00',5,'U154278962301569613','蒋杰','NORMAL'),('U154340681810362851','U154331632522246735','蒋杰星期天5','U154297612730104835','王麒皓','NORMAL','2018-11-28 20:06:58',NULL,'U154278946335725256','碧海一','18:30-20:00',7,'U154278962301569613','蒋杰','NORMAL'),('U154340683203406744','U154331625094150043','蒋杰星期五5','U154297612731219610','陈乙霆','NORMAL','2018-11-28 20:07:12',NULL,'U154278948205280404','碧海三','18:30-20:00',5,'U154278962301569613','蒋杰','NORMAL'),('U154340683800708476','U154331632522246735','蒋杰星期天5','U154297612731219610','陈乙霆','NORMAL','2018-11-28 20:07:18',NULL,'U154278946335725256','碧海一','18:30-20:00',7,'U154278962301569613','蒋杰','NORMAL'),('U154340685067206946','U154331625094150043','蒋杰星期五5','U154297612732467828','王博然','NORMAL','2018-11-28 20:07:31',NULL,'U154278948205280404','碧海三','18:30-20:00',5,'U154278962301569613','蒋杰','NORMAL'),('U154340685756985619','U154331632522246735','蒋杰星期天5','U154297612732467828','王博然','NORMAL','2018-11-28 20:07:38',NULL,'U154278946335725256','碧海一','18:30-20:00',7,'U154278962301569613','蒋杰','NORMAL'),('U154348709447086125','U154285674483362792','周宏斌星期天5','U154297612805592752','陈泓睿','NORMAL','2018-11-29 18:24:54',NULL,'U154278948205280404','碧海三','18:30-20:00',7,'U154278954605976028','周宏斌','NORMAL'),('U154348740881556078','U154285674483362792','周宏斌星期天5','U154297612786334162','黄子洋','NORMAL','2018-11-29 18:30:09',NULL,'U154278948205280404','碧海三','18:30-20:00',7,'U154278954605976028','周宏斌','NORMAL'),('U154349143140154247','U154331677571378638','张国忠星期天5','U154297612769887175','钟昊轩','NORMAL','2018-11-29 19:37:11',NULL,'U154278949320644493','碧海四','18:30-20:00',7,'U154278965230025110','张国忠','NORMAL'),('U154349242415421434','U154331626987808688','蒋杰星期六5','U154297612714949247','庄子涵','NORMAL','2018-11-29 19:53:44',NULL,'U154278948205280404','碧海三','18:30-20:00',6,'U154278962301569613','蒋杰','NORMAL'),('U154349263785136372','U154331641512144419','叶开良星期六5','U154297612751130378','刘辰','NORMAL','2018-11-29 19:57:18',NULL,'U154278949320644493','碧海四','18:30-20:00',6,'U154278963512684555','叶开良','NORMAL');

/*Table structure for table `tg_study_system_message` */

DROP TABLE IF EXISTS `tg_study_system_message`;

CREATE TABLE `tg_study_system_message` (
  `id` varchar(64) NOT NULL,
  `message_type` varchar(64) DEFAULT NULL,
  `message_content` varchar(64) DEFAULT NULL,
  `level` int(2) DEFAULT NULL COMMENT '紧急度',
  `is_process` varchar(16) DEFAULT NULL,
  `create_time` datetime DEFAULT NULL,
  `process_time` datetime DEFAULT NULL,
  `process_desc` varchar(128) DEFAULT NULL,
  `student_id` varchar(64) DEFAULT NULL,
  PRIMARY KEY (`id`)
) ENGINE=InnoDB DEFAULT CHARSET=utf8;

/*Data for the table `tg_study_system_message` */

insert  into `tg_study_system_message`(`id`,`message_type`,`message_content`,`level`,`is_process`,`create_time`,`process_time`,`process_desc`,`student_id`) values ('15940654661858','STUDENT_REMAIN_COURSE_NOTE','学生[郑鉴原]仅剩余 -1课时!',10,'NO','2018-12-01 18:02:38',NULL,NULL,NULL),('15948609231896','STUDENT_REMAIN_COURSE_NOTE','学生[汪展拓]仅剩余 -1课时!',10,'NO','2018-12-01 18:02:46',NULL,NULL,NULL),('15954841122977','STUDENT_REMAIN_COURSE_NOTE','学生[余佳润]仅剩余 -1课时!',10,'NO','2018-12-01 18:02:52',NULL,NULL,NULL),('15962468347063','STUDENT_REMAIN_COURSE_NOTE','学生[王舸瑜]仅剩余 -1课时!',10,'NO','2018-12-01 18:02:59',NULL,NULL,NULL),('15962518798024','STUDENT_REMAIN_COURSE_NOTE','学生[陆沾锦]仅剩余 -1课时!',10,'NO','2018-12-01 18:02:59',NULL,NULL,NULL),('15962555375212','STUDENT_REMAIN_COURSE_NOTE','学生[郑文哲]仅剩余 -1课时!',10,'NO','2018-12-01 18:02:59',NULL,NULL,NULL),('15962584544540','STUDENT_REMAIN_COURSE_NOTE','学生[徐晨皓]仅剩余 -1课时!',10,'NO','2018-12-01 18:03:00',NULL,NULL,NULL),('15962613711164','STUDENT_REMAIN_COURSE_NOTE','学生[魏子谦]仅剩余 -1课时!',10,'NO','2018-12-01 18:03:00',NULL,NULL,NULL),('15962640542307','STUDENT_REMAIN_COURSE_NOTE','学生[倪彬哲]仅剩余 -1课时!',10,'NO','2018-12-01 18:03:00',NULL,NULL,NULL),('15962681952405','STUDENT_REMAIN_COURSE_NOTE','学生[施翔耀]仅剩余 -1课时!',10,'NO','2018-12-01 18:03:00',NULL,NULL,NULL),('15962737455013','STUDENT_REMAIN_COURSE_NOTE','学生[黄禹哲]仅剩余 -1课时!',10,'NO','2018-12-01 18:03:00',NULL,NULL,NULL),('15962782640400','STUDENT_REMAIN_COURSE_NOTE','学生[刘焘毓]仅剩余 -1课时!',10,'NO','2018-12-01 18:03:00',NULL,NULL,NULL),('15962816036610','STUDENT_REMAIN_COURSE_NOTE','学生[李柏璋]仅剩余 -1课时!',10,'NO','2018-12-01 18:03:00',NULL,NULL,NULL),('1894872284644','STUDENT_REMAIN_COURSE_NOTE','学生[周冠辰]仅剩余 -1课时!',10,'NO','2018-12-03 09:29:30',NULL,NULL,'U154297612919548205'),('1911066984162','STUDENT_REMAIN_COURSE_NOTE','学生[周冠辰]仅剩余 -2课时!',10,'NO','2018-12-03 09:29:47',NULL,NULL,'U154297612919548205'),('1913422948503','STUDENT_REMAIN_COURSE_NOTE','学生[周冠辰]仅剩余 -3课时!',10,'NO','2018-12-03 09:29:49',NULL,NULL,'U154297612919548205'),('20586160654688','STUDENT_REMAIN_COURSE_NOTE','学生[戎柏臻]仅剩余 -1课时!',10,'NO','2018-12-05 14:35:58',NULL,NULL,'U154297612916408356'),('20586196495508','STUDENT_REMAIN_COURSE_NOTE','学生[张真豪]仅剩余 -1课时!',10,'NO','2018-12-05 14:35:58',NULL,NULL,'U154297612912422085'),('20586236820599','STUDENT_REMAIN_COURSE_NOTE','学生[刘炎松]仅剩余 -1课时!',10,'NO','2018-12-05 14:35:58',NULL,NULL,'U154297612913377745'),('20586273116606','STUDENT_REMAIN_COURSE_NOTE','学生[虞轶涵]仅剩余 -1课时!',10,'NO','2018-12-05 14:35:58',NULL,NULL,'U154297612926634179'),('20586301463810','STUDENT_REMAIN_COURSE_NOTE','学生[刘津源]仅剩余 -1课时!',10,'NO','2018-12-05 14:35:58',NULL,NULL,'U154297612914875144'),('20586332941742','STUDENT_REMAIN_COURSE_NOTE','学生[施博觉]仅剩余 -1课时!',10,'NO','2018-12-05 14:35:58',NULL,NULL,'U154297612924509197'),('20586360718985','STUDENT_REMAIN_COURSE_NOTE','学生[泮政宇]仅剩余 -1课时!',10,'NO','2018-12-05 14:35:58',NULL,NULL,'U154297612915510282'),('20586391613736','STUDENT_REMAIN_COURSE_NOTE','学生[竺帅辰]仅剩余 -1课时!',10,'NO','2018-12-05 14:35:58',NULL,NULL,'U154297612945589084'),('20586416166511','STUDENT_REMAIN_COURSE_NOTE','学生[杜铭杰]仅剩余 -1课时!',10,'NO','2018-12-05 14:35:58',NULL,NULL,'U154297612936924260'),('20586440853588','STUDENT_REMAIN_COURSE_NOTE','学生[刘子立]仅剩余 -1课时!',10,'NO','2018-12-05 14:35:58',NULL,NULL,'U154297612925675048'),('20586462372081','STUDENT_REMAIN_COURSE_NOTE','学生[方柏昊]仅剩余 -1课时!',10,'NO','2018-12-05 14:35:58',NULL,NULL,'U154297612923317346'),('20599861022443','STUDENT_REMAIN_COURSE_NOTE','学生[胡智勋]仅剩余 -1课时!',10,'NO','2018-12-05 14:36:12',NULL,NULL,'U154297612834211904'),('20599897892918','STUDENT_REMAIN_COURSE_NOTE','学生[小李雨泽]仅剩余 -1课时!',10,'NO','2018-12-05 14:36:12',NULL,NULL,'U154297612828992821'),('20599926539975','STUDENT_REMAIN_COURSE_NOTE','学生[陈希骏]仅剩余 -1课时!',10,'NO','2018-12-05 14:36:12',NULL,NULL,'U154297612827920010'),('20599957852357','STUDENT_REMAIN_COURSE_NOTE','学生[李奕涵]仅剩余 -1课时!',10,'NO','2018-12-05 14:36:12',NULL,NULL,'U154297612833158322'),('20599984108103','STUDENT_REMAIN_COURSE_NOTE','学生[蒋易睿]仅剩余 -1课时!',10,'NO','2018-12-05 14:36:12',NULL,NULL,'U154297612826964744'),('20600012324610','STUDENT_REMAIN_COURSE_NOTE','学生[陆柏男]仅剩余 -1课时!',10,'NO','2018-12-05 14:36:12',NULL,NULL,'U154297612826036586'),('20600033611753','STUDENT_REMAIN_COURSE_NOTE','学生[胡潇楠]仅剩余 -1课时!',10,'NO','2018-12-05 14:36:12',NULL,NULL,'U154297612825156705'),('20600060185980','STUDENT_REMAIN_COURSE_NOTE','学生[蒋林璇]仅剩余 -1课时!',10,'NO','2018-12-05 14:36:12',NULL,NULL,'U154297612869368567'),('20815325065048','STUDENT_REMAIN_COURSE_NOTE','学生[朱奕臻]仅剩余 -1课时!',10,'NO','2018-12-05 14:39:47',NULL,NULL,'U154297612704860994'),('20816382002824','STUDENT_REMAIN_COURSE_NOTE','学生[张译涵]仅剩余 -1课时!',10,'NO','2018-12-05 14:39:48',NULL,NULL,'U154297612765390497'),('20817387444641','STUDENT_REMAIN_COURSE_NOTE','学生[陆妍心]仅剩余 -1课时!',10,'NO','2018-12-05 14:39:49',NULL,NULL,'U154297612705699032'),('20818725492593','STUDENT_REMAIN_COURSE_NOTE','学生[陈昱帆]仅剩余 -1课时!',10,'NO','2018-12-05 14:39:51',NULL,NULL,'U154297612703926668'),('20819837157107','STUDENT_REMAIN_COURSE_NOTE','学生[宁振皓]仅剩余 -1课时!',10,'NO','2018-12-05 14:39:52',NULL,NULL,'U154297612703173126'),('20820909819427','STUDENT_REMAIN_COURSE_NOTE','学生[李京晓]仅剩余 -1课时!',10,'NO','2018-12-05 14:39:53',NULL,NULL,'U154297612706828267'),('20821885546675','STUDENT_REMAIN_COURSE_NOTE','学生[吴彦诺]仅剩余 -1课时!',10,'NO','2018-12-05 14:39:54',NULL,NULL,'U154297612708254391'),('20822822833578','STUDENT_REMAIN_COURSE_NOTE','学生[丁麒谕]仅剩余 -1课时!',10,'NO','2018-12-05 14:39:55',NULL,NULL,'U154297612712009727'),('20855777871285','STUDENT_REMAIN_COURSE_NOTE','学生[周子翔]仅剩余 -1课时!',10,'NO','2018-12-05 14:40:28',NULL,NULL,'U154297612758870654'),('20855815183426','STUDENT_REMAIN_COURSE_NOTE','学生[丁嘉鸿]仅剩余 -1课时!',10,'NO','2018-12-05 14:40:28',NULL,NULL,'U154297612756613471'),('20855841141724','STUDENT_REMAIN_COURSE_NOTE','学生[刘讴睿]仅剩余 -1课时!',10,'NO','2018-12-05 14:40:28',NULL,NULL,'U154297612762195968'),('20855867996574','STUDENT_REMAIN_COURSE_NOTE','学生[周柏臻]仅剩余 -1课时!',10,'NO','2018-12-05 14:40:28',NULL,NULL,'U154297612763136891'),('20855896919147','STUDENT_REMAIN_COURSE_NOTE','学生[王艺瑾]仅剩余 -1课时!',10,'NO','2018-12-05 14:40:28',NULL,NULL,'U154297612764298014'),('20861496138569','STUDENT_REMAIN_COURSE_NOTE','学生[李昕瀚]仅剩余 -1课时!',10,'NO','2018-12-05 14:40:33',NULL,NULL,'U154297612757739928'),('20861535687588','STUDENT_REMAIN_COURSE_NOTE','学生[马瑜辰]仅剩余 -1课时!',10,'NO','2018-12-05 14:40:33',NULL,NULL,'U154297612760965276'),('20869075747078','STUDENT_REMAIN_COURSE_NOTE','学生[沃渲博]仅剩余 -1课时!',10,'NO','2018-12-05 14:40:41',NULL,NULL,'U154297612755519070'),('20869116716341','STUDENT_REMAIN_COURSE_NOTE','学生[翁齐辰]仅剩余 -1课时!',10,'NO','2018-12-05 14:40:41',NULL,NULL,'U154297612753489017'),('20869143061322','STUDENT_REMAIN_COURSE_NOTE','学生[徐靖昕]仅剩余 -1课时!',10,'NO','2018-12-05 14:40:41',NULL,NULL,'U154297612759983563'),('4555435572506','STUDENT_REMAIN_COURSE_NOTE','学生[胡真闻]仅剩余 -2课时!',10,'NO','2018-12-01 14:52:52',NULL,NULL,NULL),('4555457952624','STUDENT_REMAIN_COURSE_NOTE','学生[许博淳]仅剩余 -2课时!',10,'NO','2018-12-01 14:52:52',NULL,NULL,NULL),('4555477375607','STUDENT_REMAIN_COURSE_NOTE','学生[戴子尧]仅剩余 -2课时!',10,'NO','2018-12-01 14:52:52',NULL,NULL,NULL),('4555503493156','STUDENT_REMAIN_COURSE_NOTE','学生[方彬鉴]仅剩余 -2课时!',10,'NO','2018-12-01 14:52:52',NULL,NULL,NULL),('6725316146032','STUDENT_REMAIN_COURSE_NOTE','学生[洪睿阳]仅剩余 -1课时!',10,'YES','2018-11-30 10:40:44','2018-11-30 11:33:19',NULL,NULL),('6725358618037','STUDENT_REMAIN_COURSE_NOTE','学生[童禹豪]仅剩余 -1课时!',10,'YES','2018-11-30 10:40:44','2018-11-30 11:33:24',NULL,NULL),('6725393214574','STUDENT_REMAIN_COURSE_NOTE','学生[张哲瀚]仅剩余 -1课时!',10,'YES','2018-11-30 10:40:44','2018-11-30 11:33:28',NULL,NULL),('6725422446526','STUDENT_REMAIN_COURSE_NOTE','学生[丁乐捷]仅剩余 -1课时!',10,'NO','2018-11-30 10:40:44',NULL,NULL,NULL),('6725455724677','STUDENT_REMAIN_COURSE_NOTE','学生[许博淳]仅剩余 -1课时!',10,'NO','2018-11-30 10:40:44',NULL,NULL,NULL),('6725493041814','STUDENT_REMAIN_COURSE_NOTE','学生[大李雨泽]仅剩余 -1课时!',10,'YES','2018-11-30 10:40:44','2018-11-30 11:39:55',NULL,NULL),('6725524985953','STUDENT_REMAIN_COURSE_NOTE','学生[方彬鉴]仅剩余 -1课时!',10,'NO','2018-11-30 10:40:44',NULL,NULL,NULL),('6725560537930','STUDENT_REMAIN_COURSE_NOTE','学生[周庄挺]仅剩余 -1课时!',10,'NO','2018-11-30 10:40:44',NULL,NULL,NULL),('6725594127049','STUDENT_REMAIN_COURSE_NOTE','学生[胡真闻]仅剩余 -1课时!',10,'YES','2018-11-30 10:40:44','2018-11-30 11:42:06','已续费',NULL),('6725622589542','STUDENT_REMAIN_COURSE_NOTE','学生[戴子尧]仅剩余 -1课时!',10,'YES','2018-11-30 10:40:44','2018-11-30 11:40:36',NULL,NULL),('6725673598913','STUDENT_REMAIN_COURSE_NOTE','学生[沈子皓]仅剩余 -1课时!',10,'NO','2018-11-30 10:40:44',NULL,NULL,NULL),('6745415787291','STUDENT_REMAIN_COURSE_NOTE','学生[余昊泽]仅剩余 -1课时!',10,'YES','2018-11-30 10:41:04','2018-11-30 11:33:14',NULL,NULL),('6841306435698','STUDENT_REMAIN_COURSE_NOTE','学生[翁熙哲]仅剩余 -1课时!',10,'YES','2018-11-30 10:42:40','2018-11-30 11:33:06',NULL,NULL),('7194095121848','STUDENT_REMAIN_COURSE_NOTE','学生[庄子涵]仅剩余 -1课时!',10,'YES','2018-11-30 10:48:33','2018-11-30 11:32:48',NULL,NULL),('7214737977231','STUDENT_REMAIN_COURSE_NOTE','学生[郑皓仁]仅剩余 -1课时!',10,'YES','2018-11-30 10:48:54','2018-11-30 11:31:55',NULL,NULL),('7214771833152','STUDENT_REMAIN_COURSE_NOTE','学生[张宸硕]仅剩余 -1课时!',10,'YES','2018-11-30 10:48:54','2018-11-30 11:32:01',NULL,NULL),('7214810266471','STUDENT_REMAIN_COURSE_NOTE','学生[贺昱玮]仅剩余 -1课时!',10,'YES','2018-11-30 10:48:54','2018-11-30 11:32:09',NULL,NULL),('7214837169013','STUDENT_REMAIN_COURSE_NOTE','学生[翁子画]仅剩余 -1课时!',10,'YES','2018-11-30 10:48:54','2018-11-30 11:32:26',NULL,NULL),('7214865781733','STUDENT_REMAIN_COURSE_NOTE','学生[杨浚溢]仅剩余 -1课时!',10,'YES','2018-11-30 10:48:54','2018-11-30 11:32:31',NULL,NULL),('7214897592471','STUDENT_REMAIN_COURSE_NOTE','学生[李雨轩]仅剩余 -1课时!',10,'YES','2018-11-30 10:48:54','2018-11-30 11:32:36',NULL,NULL),('7214937395254','STUDENT_REMAIN_COURSE_NOTE','学生[贝晨晰]仅剩余 -1课时!',10,'YES','2018-11-30 10:48:54','2018-11-30 11:32:43',NULL,NULL),('7223246164269','STUDENT_REMAIN_COURSE_NOTE','学生[盛张睿]仅剩余 -1课时!',10,'YES','2018-11-30 10:49:02','2018-11-30 11:31:50',NULL,NULL),('9935942533280','STUDENT_REMAIN_COURSE_NOTE','学生[娄峻帆]仅剩余 -1课时!',10,'NO','2018-12-01 16:22:33',NULL,NULL,NULL);

/*Table structure for table `tg_study_teacher` */

DROP TABLE IF EXISTS `tg_study_teacher`;

CREATE TABLE `tg_study_teacher` (
  `id` varchar(32) NOT NULL,
  `name` varchar(32) DEFAULT NULL,
  `phone` varchar(64) DEFAULT NULL,
  `level` varchar(16) DEFAULT NULL,
  `status` varchar(16) DEFAULT NULL,
  `create_time` datetime DEFAULT NULL,
  `update_time` datetime DEFAULT NULL,
  PRIMARY KEY (`id`)
) ENGINE=InnoDB DEFAULT CHARSET=utf8;

/*Data for the table `tg_study_teacher` */

insert  into `tg_study_teacher`(`id`,`name`,`phone`,`level`,`status`,`create_time`,`update_time`) values ('U154278954605976028','周宏斌','13506802958','业余四段','NORMAL','2018-11-21 16:39:06','2018-11-26 14:55:08'),('U154278956053217488','孙为民','11','业余四段','NORMAL','2018-11-21 16:39:21',NULL),('U154278962301569613','蒋杰','11','业余四段','NORMAL','2018-11-21 16:40:23',NULL),('U154278963512684555','叶开良','11','业余四段','NORMAL','2018-11-21 16:40:35',NULL),('U154278965230025110','张国忠','11','业务四段','NORMAL','2018-11-21 16:40:52',NULL);

/*!40101 SET SQL_MODE=@OLD_SQL_MODE */;
/*!40014 SET FOREIGN_KEY_CHECKS=@OLD_FOREIGN_KEY_CHECKS */;
/*!40014 SET UNIQUE_CHECKS=@OLD_UNIQUE_CHECKS */;
/*!40111 SET SQL_NOTES=@OLD_SQL_NOTES */;
